first_name,last_name,gender,birthday,postal_code,state,email,password,photo
Court,Esbrook,Male,07/03/1977,79769,Texas,cesbrook0@hexun.com,j9WoHAnag,image/jpeg
Harlie,Filipychev,Female,02/28/1991,40210,Kentucky,hfilipychev1@google.ca,pOeJ61r7CV,image/x-tiff
Padgett,McGorman,Male,02/09/1971,39296,Mississippi,pmcgorman2@ameblo.jp,kAtUF3OL8G,image/pjpeg
Luis,Wolfit,Male,01/18/1976,78285,Texas,lwolfit3@stumbleupon.com,ujLrT1Ab,image/gif
Cathyleen,Allum,Female,10/22/1984,,Missouri,callum4@discovery.com,ZYk4QehiQHd,image/gif
Kalinda,Gawkroge,Female,11/16/1965,,Florida,kgawkroge5@auda.org.au,8trI76Q,image/pjpeg
El,Prine,Male,07/14/2004,44720,Ohio,eprine6@apache.org,0UglW3sYitWq,image/jpeg
Shannah,Ridewood,Female,09/11/1961,91109,California,sridewood7@vinaora.com,fnpbsw,image/x-tiff
Cristabel,Camous,Female,02/22/1946,90071,California,ccamous8@infoseek.co.jp,wBfojHXPE,image/gif
Wynne,Worters,Female,09/19/1950,80223,Colorado,wworters9@forbes.com,wW7khLJnW,image/gif
Abel,Ixor,Male,03/12/2002,,North Carolina,aixora@imageshack.us,xH8IBt,image/png
Ciel,Mannagh,Female,10/07/1970,20892,Maryland,cmannaghb@cmu.edu,GQNhj4,image/x-tiff
Susanne,Alliberton,Female,10/26/1991,91520,California,sallibertonc@mit.edu,FTqtoSRt1S,image/x-tiff
Sheilah,Wigfield,Female,09/18/1997,34114,Florida,swigfieldd@mapquest.com,RSxnm0,
Sally,Aikenhead,Female,01/01/2003,,Colorado,saikenheade@wikispaces.com,2UJvF5ky,
Beatrisa,Klimkin,Female,10/29/1974,97240,Oregon,bklimkinf@patch.com,TvjfCl8k,image/gif
Vilma,Albisser,Female,08/18/1966,95150,California,valbisserg@slideshare.net,awiLGoylq,image/png
Bekki,Anthon,Female,06/26/1940,,,banthonh@auda.org.au,tZpKDN,image/x-tiff
Margarete,Whitlock,Female,11/16/1949,80015,Colorado,mwhitlocki@barnesandnoble.com,9A8A6jK0EVy,image/png
Judon,Scalera,Male,07/05/1969,27621,North Carolina,jscaleraj@addthis.com,azMHDyacx4,image/png
Kerk,Crouse,Male,02/16/1973,44191,Ohio,kcrousek@ifeng.com,S8uL0hi9VOmT,image/png
Pansie,MacCardle,Female,02/05/1958,38131,Tennessee,pmaccardlel@desdev.cn,rPr7glx,image/jpeg
Constantine,Bocock,Female,08/16/1990,19725,Delaware,cbocockm@yahoo.co.jp,fLVMBke1XLU,image/png
Giles,Dougal,Male,03/05/1979,45208,Ohio,gdougaln@ehow.com,I4lQVpK,
Axel,Swarbrick,Male,01/25/1997,67205,Kansas,aswarbricko@qq.com,iY5JEIZw,image/jpeg
Lainey,Blumsom,Female,09/28/1961,55458,Minnesota,lblumsomp@utexas.edu,CdielBoqqcG,image/png
Morse,Cowing,Male,05/13/1986,24009,Virginia,mcowingq@devhub.com,GtLeFh,image/png
Blake,McGinnis,Male,01/21/1968,80291,Colorado,bmcginnisr@imgur.com,2e2Q5b2qrnzO,image/jpeg
Gleda,Hartropp,Female,04/23/1995,90087,California,ghartropps@g.co,2cd8WUWqN,image/png
Patty,Bust,Male,02/28/1981,,California,pbustt@flickr.com,sqpTnpBBY,
Pauletta,Fernant,Female,12/24/1993,16107,Pennsylvania,pfernantu@hexun.com,clBu7R57uM,image/png
Skyler,Fewtrell,Male,03/05/1959,19093,Pennsylvania,sfewtrellv@desdev.cn,5V1w5aT0,image/x-tiff
Aida,Deniseau,Female,04/05/1954,94064,,adeniseauw@ucla.edu,DxgFunY1n,image/gif
Maridel,Mathewes,Female,02/03/1995,60567,Illinois,mmathewesx@mapy.cz,xIV1jQBrLKtE,image/x-tiff
Laverne,Brumham,Female,07/17/1984,70187,Louisiana,lbrumhamy@biblegateway.com,DPHZTeo7Po,image/jpeg
Valerye,Devorill,Female,04/06/1972,32575,Florida,vdevorillz@abc.net.au,aggaY9NUg,image/png
Brandon,Heckney,Male,01/19/1978,,Kansas,bheckney10@globo.com,rfrBqCTc,image/x-tiff
Ricky,Edgson,Female,01/23/1969,48555,Michigan,redgson11@gov.uk,tQeYGO9Nt32c,
Nicholas,Boog,Male,12/07/1973,60351,Illinois,nboog12@comsenz.com,xqSMW1x,
Wakefield,Jay,Male,10/23/1963,32505,Florida,wjay13@nyu.edu,QywL3VjIs,image/x-tiff
Morena,Postins,Female,05/20/1959,22225,Virginia,mpostins14@surveymonkey.com,aDTnry,image/pjpeg
Halsy,Rasp,Male,02/26/1997,78265,Texas,hrasp15@freewebs.com,NlOo09WCY,image/gif
Mirna,Morling,Female,12/31/1943,30343,Georgia,mmorling16@zdnet.com,8A7iHXUZz,
Steward,McDermid,Male,07/04/1953,76544,Texas,smcdermid17@usda.gov,EnJWfH5dt,image/tiff
Willette,Geany,Female,06/08/1972,78220,Texas,wgeany18@cafepress.com,SX6iBSE,
Heywood,Beckson,Male,04/20/1965,34643,Florida,hbeckson19@dion.ne.jp,DJa0eDsScjj,image/tiff
Mehetabel,Hellis,Female,06/30/1970,68134,Nebraska,mhellis1a@amazon.de,wSzpYp,image/png
Anne-marie,Sallenger,Female,02/02/1950,01114,Massachusetts,asallenger1b@spotify.com,7y2udBThaOYe,image/png
Felicity,Lukas,Female,07/03/1952,30605,Georgia,flukas1c@ycombinator.com,4y6vDGL,
Alleen,Pawlik,Female,03/04/2001,17622,Pennsylvania,apawlik1d@dedecms.com,XbUT5U,image/png
Milton,Dami,Male,12/10/1978,93786,California,mdami1e@histats.com,v0e592mCCas,
Maynord,Turfrey,Male,10/23/1970,35236,Alabama,mturfrey1f@ted.com,1ynAWyy,image/gif
Myrah,Brockie,Female,03/30/1996,,California,mbrockie1g@blinklist.com,ellnRi,image/jpeg
Hayden,Billam,Male,04/12/1958,45203,Ohio,hbillam1h@cyberchimps.com,b9o9nJ9i7PtW,
Modesta,Tagg,Female,01/05/1974,38150,Tennessee,mtagg1i@wufoo.com,HegI5GAfY,image/tiff
Cheston,Scopyn,Male,03/12/1959,89178,Nevada,cscopyn1j@ning.com,qcF4SBybx3,image/x-tiff
Niko,Linnett,Male,04/16/1946,92640,California,nlinnett1k@soup.io,JNYJmx,image/png
Iain,Darlaston,Male,03/07/1967,29424,South Carolina,idarlaston1l@trellian.com,X3tO5uz,image/tiff
Maressa,Cafferky,Female,04/01/1971,,Georgia,mcafferky1m@sogou.com,eTjnrAchHMv5,image/x-tiff
Jeane,Keemer,Female,05/14/1987,48126,,jkeemer1n@acquirethisname.com,gnZfMA,
Georgianna,Kinane,Female,03/16/1959,50347,Iowa,gkinane1o@mail.ru,3sv9xasz2NS,image/gif
Rod,Hacquard,Male,11/29/1987,,Texas,rhacquard1p@usa.gov,y8iZHGXkXS,image/tiff
Valentia,Segge,Female,01/01/1960,77045,Texas,vsegge1q@irs.gov,ImKXFUsGgII,image/pjpeg
Lacie,Wager,Female,04/30/1949,31217,Georgia,lwager1r@pcworld.com,4n7t4V,
Thacher,Ellacombe,Male,06/14/1961,72905,Arkansas,tellacombe1s@qq.com,mGvjJOSFuS,
Blisse,Winterbourne,Female,07/05/1955,74193,Oklahoma,bwinterbourne1t@vistaprint.com,0vqywP23,image/png
Gabbie,Broadnicke,Female,10/02/1972,83405,Idaho,gbroadnicke1u@de.vu,YwrwbPbjei,
Lewie,Thatcham,Male,04/21/1972,33715,Florida,lthatcham1v@loc.gov,f6iwaK,
Ranique,Mahaffey,Female,11/06/1959,82007,Wyoming,rmahaffey1w@slate.com,7XE8t54soi8G,image/pjpeg
Bride,Cogzell,Female,08/11/1985,92196,California,bcogzell1x@liveinternet.ru,RAT0JZ1C1qGR,image/x-tiff
Austen,Glentz,Male,09/03/1975,76004,Texas,aglentz1y@youtube.com,tDrHRIS,image/jpeg
Claudette,Searsby,Female,07/21/1943,47306,Indiana,csearsby1z@privacy.gov.au,xEc4UFO9njj,image/tiff
Heindrick,Giacopini,Male,02/20/1987,,Pennsylvania,hgiacopini20@npr.org,zrHsiK1e,image/jpeg
Warner,Tittletross,Male,03/13/2003,68510,Nebraska,wtittletross21@mozilla.org,b0U61p0Tye4,image/jpeg
Michale,Moutray Read,Male,10/23/1969,46620,Indiana,mmoutrayread22@godaddy.com,BQOFfiZ,image/x-tiff
Corey,Charity,Male,02/04/1958,64187,Missouri,ccharity23@timesonline.co.uk,VftLX7odA,image/tiff
Kaine,Warrender,Male,10/09/1980,73034,Oklahoma,kwarrender24@hibu.com,CfnQyju2Bu,image/pjpeg
Nevsa,Sparry,Female,01/15/1968,85748,Arizona,nsparry25@springer.com,dSFR6M,image/png
Padget,Sayers,Male,01/25/1961,02283,,psayers26@businessweek.com,Lv5S4Eur9B,image/gif
Dun,Di Matteo,Male,05/15/1957,25721,West Virginia,ddimatteo27@mysql.com,sdqYg0NC96qx,image/png
Peyter,Logesdale,Male,12/13/1989,33111,Florida,plogesdale28@discovery.com,jglJj1LAr,
Kylie,Woffinden,Male,12/13/1943,77025,Texas,kwoffinden29@blog.com,ffTRgNSS,image/tiff
Bern,Vatcher,Male,11/04/1982,76310,Texas,bvatcher2a@de.vu,v6Ga3eX3EoDT,image/jpeg
Pietro,Coope,Male,01/31/1944,85710,Arizona,pcoope2b@kickstarter.com,dRbuvgqut,image/pjpeg
Georgianna,Cast,Female,08/03/1952,,Missouri,gcast2c@ibm.com,wjHivxc5T,
Vere,Kelinge,Female,09/23/1995,93034,California,vkelinge2d@diigo.com,aWMxw9Wa7oB,image/pjpeg
Lyle,Meech,Male,11/20/1980,11215,New York,lmeech2e@hexun.com,jYnIYLLw,image/jpeg
Wendy,Prahl,Female,08/18/1975,60609,Illinois,wprahl2f@wikimedia.org,KmepPCaxlCA,image/pjpeg
Mikkel,Pedycan,Male,10/03/1951,19897,Delaware,mpedycan2g@so-net.ne.jp,TCRou8x,image/gif
Jeannie,Bryde,Female,08/09/1957,,Tennessee,jbryde2h@noaa.gov,1xh2EW,image/x-tiff
Diann,Gland,Female,07/14/1961,79165,Texas,dgland2i@amazon.co.jp,mQPWpo,image/tiff
Jarrid,Shallo,Male,12/25/1984,54305,Wisconsin,jshallo2j@ning.com,H88iqxYjx,image/tiff
Adorne,Mawford,Female,07/11/1963,85297,Arizona,amawford2k@eventbrite.com,PmFUPoVsh,image/pjpeg
Faythe,Welbelove,Female,09/10/1991,92160,California,fwelbelove2l@bigcartel.com,d9zUCdFLd,
Everard,Waite,Male,02/03/1976,06705,Connecticut,ewaite2m@eepurl.com,pR1GRywb,image/pjpeg
Casar,Jiruca,Male,10/21/1943,27605,North Carolina,cjiruca2n@163.com,hBieuTd4sRp,image/tiff
Veradis,Vant,Female,04/16/1958,22047,Virginia,vvant2o@economist.com,UV9HfrS0,image/jpeg
Chauncey,Americi,Male,08/13/1951,14210,New York,camerici2p@cnn.com,G030QxL,
Conroy,Osgardby,Male,03/17/1943,79705,Texas,cosgardby2q@engadget.com,71gIfR,
Conney,Pandie,Male,12/07/1978,14652,New York,cpandie2r@fc2.com,FCoPKDbsWTRY,image/gif
Timmie,Leggin,Female,07/09/1973,92030,California,tleggin2s@google.co.jp,3imXlhBSQf,image/gif
Ozzy,Jakubovitch,Male,01/23/1963,31132,Georgia,ojakubovitch2t@instagram.com,Ke0l7Kh3SV,image/tiff
Suzie,Moroney,Female,10/26/1979,20078,District of Columbia,smoroney2u@weather.com,pD8I6T,image/pjpeg
Alex,Josilevich,Female,05/09/2004,94142,California,ajosilevich2v@forbes.com,PY23eI5EcKP,image/pjpeg
Will,Downing,Male,06/14/1951,16510,Pennsylvania,wdowning2w@symantec.com,bAfrfm589,image/jpeg
Sebastiano,Bartels-Ellis,Male,05/25/1973,92410,California,sbartelsellis2x@huffingtonpost.com,fokpXXJP,image/gif
Rolfe,Leech,Male,01/08/1946,,Texas,rleech2y@infoseek.co.jp,1ZVRy46o,image/pjpeg
Penn,Sweeting,Male,07/13/1952,90020,California,psweeting2z@purevolume.com,c63qvNyCr5,image/pjpeg
Poppy,Maciaszek,Female,03/16/1984,32255,Florida,pmaciaszek30@pinterest.com,jd7hkNR5a1Yp,image/x-tiff
Gawen,Martijn,Male,08/18/2000,34985,Florida,gmartijn31@tripadvisor.com,dNZQdLoWS,image/png
Anette,Byrnes,Female,08/21/1998,66220,Kansas,abyrnes32@opensource.org,e87ZiOVcSdM,image/x-tiff
Yetty,Zink,Female,03/25/1969,27150,North Carolina,yzink33@dyndns.org,J8LRfBt,image/png
Anstice,Midghall,Female,04/14/1962,,Indiana,amidghall34@gnu.org,V7KsGJod,
Cy,Hunnaball,Male,03/07/2003,45223,Ohio,chunnaball35@ezinearticles.com,8nysBw,
Cordell,Aronowicz,Male,09/09/1973,81505,Colorado,caronowicz36@sphinn.com,gH1mW8B,image/tiff
Avie,Sipson,Female,08/09/1963,20036,District of Columbia,asipson37@barnesandnoble.com,wxXJcTqEugS,image/jpeg
Randie,Lazonby,Male,12/25/1978,70183,Louisiana,rlazonby38@bizjournals.com,r9yoCt1Ra,image/png
Keefer,Mayell,Male,06/05/1979,,Alaska,kmayell39@odnoklassniki.ru,SETzxmvWbeq,image/x-tiff
Valentijn,Westphal,Male,06/23/1950,94116,California,vwestphal3a@digg.com,9LzJFVNdqO,image/x-tiff
Evelyn,Foxwell,Female,12/15/1956,02912,Rhode Island,efoxwell3b@mail.ru,Q8wQNa9vz,image/tiff
Aura,Cluderay,Female,09/18/2003,40505,Kentucky,acluderay3c@dailymail.co.uk,nhVMGKl8,
Chloette,De Luna,Female,01/17/1996,78426,Texas,cdeluna3d@mashable.com,JbUA7I,image/x-tiff
Becki,Grenter,Female,04/06/1945,,,bgrenter3e@wisc.edu,TC19cnCq,image/pjpeg
Yulma,McCague,Male,04/01/1976,,Illinois,ymccague3f@ameblo.jp,mwrq7q,image/tiff
Rosabel,Pratty,Female,05/04/1991,98405,Washington,rpratty3g@ocn.ne.jp,tiyFwJVwW,
Sutherlan,Greenacre,Male,01/07/1960,,,sgreenacre3h@privacy.gov.au,ux33CnEfvG,
Lolly,Bour,Female,09/15/1947,20205,District of Columbia,lbour3i@ox.ac.uk,S3Cxhz0U3YUr,image/x-tiff
Morry,Brower,Male,12/04/1975,18018,Pennsylvania,mbrower3j@fc2.com,jxzO3RcTvF,image/gif
Eward,Argabrite,Male,09/11/1976,,Michigan,eargabrite3k@sakura.ne.jp,3uRtMRxI,
Idalina,Bourges,Female,08/30/1970,,Alabama,ibourges3l@fc2.com,IF0GV2eVAscD,
Shaun,Wabey,Female,01/16/1951,44511,Ohio,swabey3m@mtv.com,x7FTpki1nx9a,image/tiff
Cassandry,Collibear,Female,09/12/1967,20404,District of Columbia,ccollibear3n@cafepress.com,z3P6faNlM,image/tiff
Ly,Fadian,Male,07/15/1964,10131,New York,lfadian3o@arizona.edu,THNTUu,image/tiff
Blake,Nixon,Female,07/23/1993,99205,Washington,bnixon3p@google.co.uk,KgGca4MnSQMn,image/png
Nance,Binnall,Female,01/26/1992,92030,,nbinnall3q@miibeian.gov.cn,eorVmE3weygP,image/gif
Gregory,O'Dee,Male,01/29/1991,16550,Pennsylvania,godee3r@theguardian.com,18N8VAg0D0h,image/gif
Kennie,Hatherleigh,Male,10/07/1943,95823,California,khatherleigh3s@nifty.com,B0Ae0jX,image/x-tiff
Alfy,Colbridge,Female,03/12/1993,70183,Louisiana,acolbridge3t@cbsnews.com,ITK7iN1,
Ronny,Batham,Female,05/05/1947,63196,Missouri,rbatham3u@apple.com,qTQjdDxoc,image/gif
Mata,Bollands,Male,04/12/1968,43656,Ohio,mbollands3v@discuz.net,obrjXGDK,
Ellerey,Archer,Male,09/26/1948,,Tennessee,earcher3w@123-reg.co.uk,xMjmgt,image/gif
Jacklin,Ker,Female,04/19/1961,,Colorado,jker3x@skype.com,m4Ix9i,image/gif
Debra,Quimby,Female,02/29/1956,35905,Alabama,dquimby3y@wordpress.org,YFEU74M66Yu,image/png
Christopher,Codling,Male,01/27/1952,33190,,ccodling3z@altervista.org,wsg8sk3xvdfC,image/pjpeg
Marius,Lube,Male,01/07/1972,40215,Kentucky,mlube40@bravesites.com,o0P9LKeT,image/png
Waldon,Maden,Male,08/29/1962,46278,Indiana,wmaden41@jiathis.com,cNLMOqoqJv,image/gif
Esdras,Soulsby,Male,04/30/1943,48242,Michigan,esoulsby42@gnu.org,tQtDut,image/tiff
Fernanda,Nurse,Female,06/07/1965,97206,Oregon,fnurse43@wp.com,k3XuL2F2wLF,image/tiff
Andie,Gathwaite,Female,04/09/1956,32627,Florida,agathwaite44@nasa.gov,npu2FfD,image/pjpeg
Chelsy,Wrey,Female,01/26/1976,45490,,cwrey45@businessinsider.com,rUynYhvu,image/gif
Rozalie,Glusby,Female,04/15/2004,20404,District of Columbia,rglusby46@ezinearticles.com,o4UfeMuUR,image/pjpeg
North,Fairbank,Male,01/16/1960,93311,California,nfairbank47@biglobe.ne.jp,rlzGfQGx5i,image/x-tiff
Alfie,Duligal,Male,11/26/1958,55458,Minnesota,aduligal48@sitemeter.com,StFQxSc,image/png
Derrek,Emms,Male,04/23/1988,47712,Indiana,demms49@flickr.com,MK7dedPBbTf,image/jpeg
Alain,Pinhorn,Male,11/11/1980,15230,Pennsylvania,apinhorn4a@istockphoto.com,8t1v9iym,image/tiff
Bowie,Odcroft,Male,08/21/1946,,California,bodcroft4b@gizmodo.com,kwRp1ZeBioc,
Freddy,Cheer,Female,04/23/1947,,Virginia,fcheer4c@google.ca,PHiFhpDhiUD,image/x-tiff
Boy,Ayris,Male,10/07/1992,79605,Texas,bayris4d@state.tx.us,VwuCQtE4VxTL,image/jpeg
Caterina,Dodle,Female,09/18/1989,23203,Virginia,cdodle4e@arizona.edu,FBqnUWi2,image/pjpeg
Fay,Lindenstrauss,Female,06/28/1947,46825,Indiana,flindenstrauss4f@chron.com,0cAKAcs6VXhd,image/x-tiff
Lindsy,Label,Female,04/19/1960,95818,,llabel4g@uol.com.br,plxzSW,image/pjpeg
Earl,Carder,Male,09/11/1993,74156,,ecarder4h@techcrunch.com,KQ4Utsf4j,
Rickert,Greensmith,Male,07/13/1958,,Florida,rgreensmith4i@narod.ru,bu79BZXEQ7kP,image/png
Wanda,Skeels,Female,07/12/1960,76115,Texas,wskeels4j@reuters.com,GVLgPH9u,image/x-tiff
Burg,Favelle,Male,06/29/1975,83732,Idaho,bfavelle4k@cisco.com,mvovixR,image/pjpeg
Peter,Menendes,Male,06/21/1985,02283,Massachusetts,pmenendes4l@netscape.com,JkwdMwb,image/jpeg
Guy,Andrusov,Male,10/21/2001,61110,Illinois,gandrusov4m@timesonline.co.uk,OK4E2y,
Gayla,Dyter,Female,04/26/1977,90005,California,gdyter4n@wikipedia.org,Vd70Uu,image/jpeg
Humphrey,Mapowder,Male,12/10/1968,19141,Pennsylvania,hmapowder4o@chicagotribune.com,R2errCkXY,
Barn,Yesenin,Male,12/05/1996,14210,New York,byesenin4p@mlb.com,GF963KiNlqr,image/tiff
Sidoney,Stolli,Female,06/25/1988,39210,,sstolli4q@cargocollective.com,rpSNTnat,image/x-tiff
Horten,Kivelhan,Male,03/06/2001,66667,Kansas,hkivelhan4r@printfriendly.com,aRGvdaqGh8U,image/x-tiff
Diane,Streeting,Female,07/06/1941,47705,Indiana,dstreeting4s@google.com.br,XwwYJj,
Dallas,Boone,Female,10/03/1986,30605,Georgia,dboone4t@netlog.com,el8YDZmvY4,image/x-tiff
Eirena,Reiach,Female,03/26/1984,68531,,ereiach4u@dot.gov,XalvwhUPCN,image/x-tiff
Gamaliel,Scyner,Male,09/02/1995,59806,Montana,gscyner4v@rambler.ru,BPaHkvCM5,image/jpeg
Raymond,Maggs,Male,03/07/1965,78759,Texas,rmaggs4w@artisteer.com,NQG8c0,image/jpeg
Whittaker,Bruno,Male,06/06/1977,91616,California,wbruno4x@weather.com,aLBmTrWwq7b,image/png
Biron,Toffalo,Male,02/08/1988,45454,Ohio,btoffalo4y@cmu.edu,TGmwui,image/pjpeg
Rutherford,Boutwell,Male,08/23/2003,,New York,rboutwell4z@unblog.fr,H9WqJwndSr,image/gif
Raymund,Reveley,Male,10/18/1981,35895,Alabama,rreveley50@jimdo.com,cx1uaW71,image/pjpeg
Garnette,Sybbe,Female,12/31/1949,43231,Ohio,gsybbe51@theguardian.com,VHHpPXLVOJ2B,image/png
Madelyn,Muskett,Female,06/25/1970,,Connecticut,mmuskett52@mozilla.com,p7d5bVJN,image/png
Sianna,Boni,Female,07/14/1954,77305,Texas,sboni53@deliciousdays.com,kxunBpMbt,
Gerri,Neenan,Male,11/02/2001,50305,Iowa,gneenan54@dailymotion.com,Svu8ZL2Ij5NQ,image/pjpeg
Juana,Hoofe,Female,08/31/1971,27610,North Carolina,jhoofe55@ox.ac.uk,ogrbYSIv,image/pjpeg
Tonia,McGrayle,Female,03/20/2002,46278,Indiana,tmcgrayle56@ucsd.edu,pr3jch6lkhL,image/png
Donnamarie,Lodford,Female,02/22/1986,77266,Texas,dlodford57@washington.edu,KM6wbchNo,
Angil,Shannon,Female,12/21/1946,66606,Kansas,ashannon58@infoseek.co.jp,hYCPyk3Ig,
North,Prendergast,Male,05/11/1946,77844,Texas,nprendergast59@blog.com,GzCcnfzM4,image/x-tiff
Jamison,Pozzi,Male,02/04/1965,33411,Florida,jpozzi5a@rambler.ru,slqNoE,image/jpeg
Bird,McMurty,Female,01/17/1995,20205,District of Columbia,bmcmurty5b@rambler.ru,5fE7zlSHdY,image/jpeg
Mavis,Fleay,Female,12/13/1993,,New York,mfleay5c@sphinn.com,ahy8gbGwqIsT,image/jpeg
Hadleigh,Coolican,Male,08/26/1964,38136,Tennessee,hcoolican5d@virginia.edu,eOdQtLcwFEa,image/pjpeg
Falkner,Fairfoul,Male,01/03/1955,49510,Michigan,ffairfoul5e@cpanel.net,Q3TzEbXzkPYU,image/x-tiff
Egan,Pautard,Male,11/29/1950,33320,Florida,epautard5f@cnbc.com,1apGUCDXgE,image/pjpeg
Cletis,Hatliff,Male,06/19/1942,13251,New York,chatliff5g@discuz.net,0sFpQcu,image/png
Grantham,Josephi,Male,07/08/1962,37215,Tennessee,gjosephi5h@surveymonkey.com,Aa9y6ui,
Tessy,Duncombe,Female,02/27/1954,37228,Tennessee,tduncombe5i@eventbrite.com,0pLyq2E,image/x-tiff
Lou,Mariyushkin,Male,10/26/1990,87110,,lmariyushkin5j@tmall.com,a0hXxGWF6nm,image/x-tiff
Devon,Elfes,Female,12/19/1999,07305,New Jersey,delfes5k@hatena.ne.jp,S4506Vzzy,image/pjpeg
Vinnie,Hiddersley,Male,04/19/1941,19093,Pennsylvania,vhiddersley5l@archive.org,svm9Ju,image/pjpeg
Bliss,O'Reilly,Female,08/02/1953,60674,Illinois,boreilly5m@apache.org,Pej3fS1odhL,
Krystle,Islip,Female,05/03/2001,20062,District of Columbia,kislip5n@china.com.cn,uwlLPy,image/gif
Ingrim,Benedicte,Male,05/01/1974,02104,Massachusetts,ibenedicte5o@dyndns.org,Tyldbc,image/x-tiff
Lavena,McNeice,Female,04/20/1996,,Texas,lmcneice5p@oakley.com,6N2spKP6rE2f,image/tiff
Anestassia,Gwinnel,Female,09/30/1997,38143,,agwinnel5q@tmall.com,e966Qt,
Tybalt,Achromov,Male,07/27/1986,50315,Iowa,tachromov5r@ameblo.jp,oCFCgm,image/pjpeg
Tarrah,Coppenhall,Female,12/18/1972,54313,Wisconsin,tcoppenhall5s@pagesperso-orange.fr,EKI9Vxgv,image/png
Merry,Waszkiewicz,Female,07/12/1998,30911,Georgia,mwaszkiewicz5t@photobucket.com,GkZCxvLgS,
Kelsey,Burchett,Male,03/22/1962,20420,District of Columbia,kburchett5u@histats.com,JwVl1W3i,image/gif
Augustina,Boosey,Female,08/05/1971,22234,Virginia,aboosey5v@free.fr,I19wa8pR4ITi,
Julienne,Cahalin,Female,09/16/1986,33686,Florida,jcahalin5w@ftc.gov,UTPhpT8,image/png
Sid,Delacour,Male,08/21/1952,20719,Maryland,sdelacour5x@sciencedirect.com,APxV2oa,image/png
Mireielle,Kimberly,Female,05/08/1992,15279,Pennsylvania,mkimberly5y@imageshack.us,YPblj698,image/gif
Gayle,Worral,Female,08/30/1989,27658,North Carolina,gworral5z@reddit.com,Sy7ibqiv,image/png
Noell,Rix,Female,04/21/1983,78410,Texas,nrix60@histats.com,NbydZdLSDN,image/x-tiff
Timmi,Belchamp,Female,07/15/1994,33325,Florida,tbelchamp61@tinyurl.com,tPaXln4VkVID,image/jpeg
Kenton,Statham,Male,07/09/1941,92648,California,kstatham62@ow.ly,ANhXSYMOrEK,
Nanci,Simoens,Female,01/04/1961,72204,Arkansas,nsimoens63@desdev.cn,j7u60Rv82hx,image/png
Jeralee,Strainge,Female,10/22/1951,75265,Texas,jstrainge64@dell.com,No5HL3igOD77,image/png
Tymothy,Errey,Male,12/21/1948,64125,Missouri,terrey65@hhs.gov,ZTvfOUO,image/tiff
Alard,Hatherill,Male,07/28/1987,76016,Texas,ahatherill66@ca.gov,bxBp47M8,image/tiff
Washington,Vlies,Male,01/15/2001,31132,Georgia,wvlies67@psu.edu,n6GZufWo,image/jpeg
Dosi,McIlwraith,Female,02/14/2002,33661,Florida,dmcilwraith68@ted.com,UqDPGJg,
Shermy,Penvarne,Male,03/04/1948,94712,California,spenvarne69@earthlink.net,v756MTmNyda,
Melvyn,Middleditch,Male,11/10/1945,93704,California,mmiddleditch6a@disqus.com,uzH1VFcyMY,
Rik,Woodroff,Male,08/31/1988,57105,South Dakota,rwoodroff6b@tumblr.com,Y1PwaMv2tcf,image/x-tiff
Nanice,Deny,Female,04/05/1953,97255,,ndeny6c@cbc.ca,Tn8auh,image/x-tiff
Sawyere,Figgen,Male,03/07/1982,27710,North Carolina,sfiggen6d@t-online.de,3460asau51l,image/png
Verile,Winsper,Female,10/08/1948,35805,Alabama,vwinsper6e@oakley.com,xtsnKbs,
Celestina,Petkens,Female,10/31/1980,44315,Ohio,cpetkens6f@pagesperso-orange.fr,uAYAQaFOj2uG,image/tiff
Georgetta,Pallent,Female,09/08/1987,79977,Texas,gpallent6g@eventbrite.com,6Lzs81B,image/gif
Raquela,Schuchmacher,Female,03/23/1968,30343,Georgia,rschuchmacher6h@nature.com,z3hZHSQ,image/png
Red,Risborough,Male,11/16/1985,47405,,rrisborough6i@exblog.jp,xXcOiJj0dF,image/png
Kalindi,Bubeer,Female,07/05/1997,06606,Connecticut,kbubeer6j@indiegogo.com,lxEYeUSXwr2k,image/jpeg
Dorice,Coursor,Female,11/05/1943,47812,Indiana,dcoursor6k@pcworld.com,6Mc6EAX,image/pjpeg
Lisabeth,Cousins,Female,04/23/1947,77713,Texas,lcousins6l@blogger.com,hxFWGwwqNeY,image/gif
Juliane,Risborough,Female,04/22/2001,48224,Michigan,jrisborough6m@digg.com,mIXuvo,image/x-tiff
Jerry,Stollhofer,Female,04/23/1956,53263,Wisconsin,jstollhofer6n@1688.com,pfSW9kNK,image/gif
Liva,Minot,Female,02/02/1945,79699,Texas,lminot6o@pagesperso-orange.fr,RXaFeM,image/x-tiff
Aldridge,O'Regan,Male,03/04/1944,46254,Indiana,aoregan6p@mozilla.com,JhOxpIZsDBmA,image/png
Abraham,Warratt,Male,03/17/1982,99507,Alaska,awarratt6q@soundcloud.com,NjVxhl5o38,image/gif
Lorena,Gribbon,Female,12/22/1963,23454,Virginia,lgribbon6r@yelp.com,AYgAbMXI,image/tiff
Jehu,Seear,Male,08/18/1952,19115,Pennsylvania,jseear6s@examiner.com,maHhfNU2cN,image/gif
Oriana,Cristoforetti,Female,06/26/1990,44118,,ocristoforetti6t@behance.net,bOWeBL,image/tiff
Dottie,Copplestone,Female,12/12/1998,14210,New York,dcopplestone6u@chicagotribune.com,A0xg9mAn,image/pjpeg
Tracy,Hussy,Female,11/02/1972,20189,Virginia,thussy6v@house.gov,TkGnBHIrPkA,
Gracia,Easterfield,Female,01/26/1973,28055,North Carolina,geasterfield6w@chronoengine.com,owLeAlBQL,image/pjpeg
Mirabelle,Seargeant,Female,08/20/1978,34665,Florida,mseargeant6x@unicef.org,KtQIGEyuNM,image/png
Petrina,Grewes,Female,05/09/1966,93407,California,pgrewes6y@chronoengine.com,CvzAN8,image/png
Babs,McGenis,Female,11/25/1995,25716,West Virginia,bmcgenis6z@google.de,4Kzr4Bg,image/x-tiff
Waylen,Franzewitch,Male,10/07/1988,80150,Colorado,wfranzewitch70@java.com,XjaJNKF,image/jpeg
Alfreda,Hantusch,Female,01/03/2000,60351,Illinois,ahantusch71@bloglines.com,XMXR7OXq5Qn,image/gif
Ursa,Tevlin,Female,11/26/1976,20409,District of Columbia,utevlin72@jigsy.com,WKYfXFNCA,
Reidar,Hailey,Male,12/17/1994,62756,Illinois,rhailey73@edublogs.org,qWJVUEcXx,image/pjpeg
Richy,Peer,Male,11/17/1982,,Florida,rpeer74@google.it,KxjPb4VZC,image/gif
Muffin,Allender,Female,09/23/1993,02912,Rhode Island,mallender75@ed.gov,dtHShn04,image/jpeg
Ernesta,Nias,Female,10/27/1987,11407,New York,enias76@guardian.co.uk,Ssh3QTiU7yg,image/gif
Bronson,McCaffery,Male,12/08/1995,28305,North Carolina,bmccaffery77@goo.ne.jp,qO89EHS9,image/gif
Debor,Pawnsford,Female,06/03/1998,78291,Texas,dpawnsford78@biblegateway.com,U7MNs5lzJUR,image/gif
Sisely,Killingbeck,Female,11/07/1993,28205,North Carolina,skillingbeck79@ucla.edu,w3IZmQKXLG,image/pjpeg
Chrissy,Heymes,Female,07/08/1989,89505,,cheymes7a@indiatimes.com,6083XGH,image/png
Karolina,Membry,Female,04/26/1956,80299,,kmembry7b@examiner.com,y0YCIDc,image/jpeg
Andra,Catford,Female,10/16/1963,70616,Louisiana,acatford7c@princeton.edu,v5b6cgBJA17k,image/x-tiff
Valene,Morphew,Female,07/09/1944,46699,Indiana,vmorphew7d@walmart.com,IxqEKDlN,image/tiff
Mimi,Gommey,Female,02/21/1995,,Pennsylvania,mgommey7e@discuz.net,AvY0fSI3q7l1,
Riannon,Grzeszczak,Female,03/01/2003,98185,Washington,rgrzeszczak7f@godaddy.com,AOFtgAfJ7ke5,image/png
Susana,Radnedge,Female,02/08/1985,32520,Florida,sradnedge7g@topsy.com,dsoojFb,
Irvine,Gingel,Male,09/03/1970,27717,North Carolina,igingel7h@last.fm,PfI8lLngnU,
Sammy,McRavey,Male,03/08/1994,29215,South Carolina,smcravey7i@artisteer.com,NTpN1jmUiK,image/jpeg
Nolan,Rowaszkiewicz,Male,11/14/1996,98481,Washington,nrowaszkiewicz7j@pbs.org,nL4YpDpdClWD,image/x-tiff
Kimbra,Joysey,Female,11/10/1957,50369,Iowa,kjoysey7k@psu.edu,bR9zJVAA,image/tiff
Aristotle,Fentem,Male,03/20/1982,32220,Florida,afentem7l@rediff.com,xUEDDzFkW,image/gif
Stefan,Allot,Male,08/30/1952,60609,Illinois,sallot7m@sphinn.com,j7QGuBbXnw,image/x-tiff
Avigdor,Sweatman,Male,04/20/1984,46221,Indiana,asweatman7n@businesswire.com,gUrn6h,
Olimpia,Berrigan,Female,06/12/1987,,Minnesota,oberrigan7o@dailymail.co.uk,HctkIKcY2,image/x-tiff
Carmencita,Primett,Female,10/05/1991,33310,Florida,cprimett7p@admin.ch,UTvoCbqR68,image/tiff
Ranee,Lauridsen,Female,10/15/1990,,Florida,rlauridsen7q@infoseek.co.jp,KRUd3BeLsHrA,
Viva,Walas,Female,07/17/1972,68583,Nebraska,vwalas7r@apple.com,vFPXTg,image/x-tiff
Paxton,Bampforth,Male,10/11/1976,02745,Massachusetts,pbampforth7s@imgur.com,zwAsX9sQZ0,image/tiff
Lyn,Giacobini,Female,04/13/1969,43220,Ohio,lgiacobini7t@youtu.be,oLuOvbgtIBzZ,image/png
Dacia,Fibbens,Female,05/16/1976,44105,Ohio,dfibbens7u@cdc.gov,9l25flb,image/x-tiff
Carlyn,Dibbin,Female,06/25/1956,76096,,cdibbin7v@pbs.org,8W6ZXWbJUHdh,image/jpeg
Abigail,Clausen-Thue,Female,12/09/1970,33906,Florida,aclausenthue7w@washington.edu,0kQ3euP,image/pjpeg
Flory,Makiver,Male,08/04/1972,74193,,fmakiver7x@360.cn,pC2glOHk0sr,image/png
Esta,Pendrid,Female,08/26/1977,48092,Michigan,ependrid7y@mail.ru,sCoYTtRn,image/png
Isidor,Bate,Male,04/25/1956,35254,Alabama,ibate7z@mashable.com,kfrN1x,
Nickey,Viegas,Male,04/03/1981,73197,Oklahoma,nviegas80@furl.net,TNdgdMmfU1,
Haskell,Thyer,Male,11/24/1975,84135,Utah,hthyer81@cnn.com,xuOC4pm1,image/jpeg
Harriett,Toffetto,Female,12/29/2001,,Iowa,htoffetto82@e-recht24.de,U1DrMFeywf,
Jackson,Bonder,Male,12/11/1984,85748,Arizona,jbonder83@bizjournals.com,U0q9oJy,image/tiff
Bridget,Raspin,Female,07/05/1968,94627,California,braspin84@usnews.com,Xth0upWvb,image/tiff
Nikolaus,Kidner,Male,11/27/1964,02119,Massachusetts,nkidner85@domainmarket.com,NX3jsSco7i0Q,image/png
Giraud,Pedro,Male,10/05/1975,66220,Kansas,gpedro86@irs.gov,3kTurxt,image/pjpeg
Carling,Jess,Male,07/26/1948,77005,Texas,cjess87@ustream.tv,ZM23PQBXKM,image/jpeg
Cole,Maxted,Male,10/17/2004,66210,,cmaxted88@cam.ac.uk,fNh3LwviumL,image/jpeg
Laurice,Prinnett,Female,03/23/1967,79984,Texas,lprinnett89@ed.gov,fl9Pwb,image/jpeg
Paquito,Wright,Male,05/24/1969,98664,Washington,pwright8a@phoca.cz,u2sLJy,
Marianne,Monahan,Female,11/07/1961,,Florida,mmonahan8b@newsvine.com,bATGMzH270f,image/pjpeg
Jamison,Stoyle,Male,01/19/1953,,Texas,jstoyle8c@home.pl,WJUvph,image/png
Carlie,Worrill,Male,02/08/1969,08650,New Jersey,cworrill8d@princeton.edu,5voNmEH2C,image/png
Cathe,Merrett,Female,06/21/2000,,Georgia,cmerrett8e@un.org,s9dJxSk,image/x-tiff
Rafaellle,Canizares,Male,11/17/1977,77234,,rcanizares8f@ibm.com,UaJAb08rs6,image/png
Erminie,Schachter,Female,09/26/1981,,Colorado,eschachter8g@miitbeian.gov.cn,FwqFUWiCX,image/png
Reagan,Bradbrook,Male,03/26/1964,28278,North Carolina,rbradbrook8h@aol.com,F5iY2gH,image/gif
Smith,Hamsson,Male,04/27/1983,34642,Florida,shamsson8i@ning.com,YXDfHsBS,image/pjpeg
Con,Trayes,Male,05/06/1964,50393,Iowa,ctrayes8j@sun.com,UGLLNDUErCK,image/pjpeg
Murial,Hindmoor,Female,08/30/1962,33158,Florida,mhindmoor8k@bbc.co.uk,ywqAnQ7mruQ,image/gif
Colleen,McPake,Female,01/15/1947,63196,Missouri,cmcpake8l@ustream.tv,D8cHvVJfx,
Lem,Farland,Male,10/08/1954,23436,Virginia,lfarland8m@merriam-webster.com,XoRad6v,image/pjpeg
Cornie,Epton,Male,10/21/1958,55166,Minnesota,cepton8n@marriott.com,Utcs2YWRMaK,image/gif
Alasteir,Hutchason,Male,03/26/1987,07522,New Jersey,ahutchason8o@etsy.com,nmtJfs,image/pjpeg
Duncan,Wackly,Male,07/30/1971,06120,Connecticut,dwackly8p@hud.gov,1V1BtnX,image/gif
Bank,Mozzi,Male,05/10/1940,,North Carolina,bmozzi8q@apple.com,HjoDBvOnK,
Nicky,Tatford,Male,10/26/2004,77343,Texas,ntatford8r@exblog.jp,pE6Kk9u,image/jpeg
Eustace,Ziemsen,Male,03/06/1959,90840,California,eziemsen8s@ibm.com,qzWExtBb,image/jpeg
Pace,Burnage,Male,09/10/1985,,Michigan,pburnage8t@altervista.org,6Bzxvvu20,image/jpeg
Trisha,Rolley,Female,08/24/1955,,Oklahoma,trolley8u@theatlantic.com,JNWvoz0WY,image/png
Rachelle,Devonald,Female,01/02/1991,34615,Florida,rdevonald8v@un.org,jM489OM,
Eileen,Foister,Female,12/17/1948,,New York,efoister8w@cam.ac.uk,qgkbheld,image/png
Jarrett,Hughman,Male,08/12/1968,32941,Florida,jhughman8x@example.com,6Tc8GZ,image/gif
Alick,Shortcliffe,Male,02/09/1990,30375,Georgia,ashortcliffe8y@yahoo.com,7Ezt1SZmD9PS,image/png
Janis,Wheelton,Female,12/16/1944,24040,Virginia,jwheelton8z@blinklist.com,KpeHDhJgdD2k,image/gif
Allyn,Oakeby,Male,01/25/1942,36610,Alabama,aoakeby90@privacy.gov.au,MWxiFQEGtg,image/jpeg
Gordy,Stollman,Male,12/08/1950,12232,New York,gstollman91@tinyurl.com,0sl7QLDkAe9k,image/gif
Georgine,Phipp,Female,11/19/1993,95173,California,gphipp92@mtv.com,eRW2hNMH4,image/jpeg
Kippie,Tregunna,Male,02/25/2003,73034,Oklahoma,ktregunna93@telegraph.co.uk,Wbawcw,
Joete,Biasio,Female,06/13/1954,,Ohio,jbiasio94@redcross.org,rvID2KeonT0,image/x-tiff
Keven,Bakhrushkin,Male,11/03/1969,85067,Arizona,kbakhrushkin95@jimdo.com,bxTVzCcOp,
Lula,Freed,Female,09/15/1999,34205,Florida,lfreed96@theglobeandmail.com,3Sxpj2T,image/jpeg
Asa,Hoofe,Male,08/05/1954,15220,,ahoofe97@boston.com,bpAQqQm9qEG,
Lowell,Barfoot,Male,11/03/1995,99709,Alaska,lbarfoot98@jugem.jp,JJYC9Ri,image/tiff
Roby,Phillput,Female,04/07/1972,19714,Delaware,rphillput99@arizona.edu,WzrwymONIBJ,
Wake,Elsbury,Male,06/03/1956,46216,Indiana,welsbury9a@bbb.org,pGwYtTx8as,image/pjpeg
Jody,Shovlar,Male,03/16/1954,80015,Colorado,jshovlar9b@census.gov,23LkQJ,image/x-tiff
Coop,Whyborne,Male,07/09/1962,20005,District of Columbia,cwhyborne9c@bing.com,KK4LRrtfHdOO,image/pjpeg
Patrick,Saura,Male,02/24/1981,30096,Georgia,psaura9d@flavors.me,CqOJ32D,image/png
Tait,Skegg,Male,01/16/1990,79410,Texas,tskegg9e@google.it,UxQpPoD,image/png
Hermon,Doyle,Male,05/01/1990,45403,Ohio,hdoyle9f@skype.com,N8cADbEO7f,image/pjpeg
Fabio,Maydwell,Male,12/08/1962,10060,New York,fmaydwell9g@senate.gov,riHGICTFs,image/tiff
Dorris,McCullum,Female,11/14/1998,46896,Indiana,dmccullum9h@rambler.ru,0xJb9ThAo,image/jpeg
Ingrim,Meech,Male,07/04/2002,85743,Arizona,imeech9i@stumbleupon.com,9wJYwMHtFVT,image/gif
Dorrie,Chislett,Female,02/29/2000,24515,Virginia,dchislett9j@blogtalkradio.com,VWgTn0,image/tiff
Kerry,Pointer,Male,04/29/1950,,Pennsylvania,kpointer9k@aol.com,Rlte407zpH6,image/tiff
Kerby,Bohler,Male,11/01/1964,,Texas,kbohler9l@theguardian.com,v7jXyx6ZkeMy,image/tiff
Clio,Paddon,Female,07/02/1995,88519,Texas,cpaddon9m@drupal.org,rBOFqo2,
D'arcy,Wolfe,Male,10/09/1942,,,dwolfe9n@columbia.edu,lSKVDfMycCo,image/x-tiff
Serene,Silversmidt,Female,01/14/1952,12305,New York,ssilversmidt9o@hibu.com,Jnxbi71c,image/jpeg
Doretta,Worthy,Female,02/16/1949,57198,South Dakota,dworthy9p@topsy.com,qJQS9bI,image/x-tiff
Diahann,Tarborn,Female,12/10/1952,94105,California,dtarborn9q@disqus.com,oGyStfdGqB17,image/tiff
Montgomery,Corwin,Male,02/10/2001,11436,New York,mcorwin9r@jiathis.com,KvYfGlWw02Te,image/x-tiff
Halli,Davley,Female,10/26/1995,44111,Ohio,hdavley9s@sun.com,NFFZ5fJTqik,image/png
Georges,Bovey,Male,07/10/1973,60669,Illinois,gbovey9t@free.fr,ITVO6WQ,image/png
Rutger,Firsby,Male,12/13/1962,57188,,rfirsby9u@trellian.com,MOCQXMW,
Dud,Axel,Male,09/24/1953,,,daxel9v@vkontakte.ru,H4U4BlZaH8m2,image/pjpeg
Cornie,Quaintance,Male,08/15/2003,80310,Colorado,cquaintance9w@drupal.org,8BDSaUQ9tl,image/png
Janetta,Gilardone,Female,11/12/1966,,Texas,jgilardone9x@posterous.com,tQZGqmdJXm1w,image/gif
Rosy,Dyet,Female,01/28/2002,,Kansas,rdyet9y@si.edu,edkDj6QG1Cy,image/png
Fernando,Dark,Male,07/23/1967,40210,Kentucky,fdark9z@about.me,Pn5CApkOmZo6,image/gif
Brennen,Clere,Male,07/07/1965,75037,,bclerea0@hhs.gov,AZEYuR,
Madeline,Harnetty,Female,03/31/1948,,Missouri,mharnettya1@aboutads.info,fDcRsnpp,image/tiff
Edan,Soames,Male,01/05/1969,,Colorado,esoamesa2@samsung.com,QeowGG5oDE4,image/png
Bartlet,Rochester,Male,10/15/1961,35263,Alabama,brochestera3@unc.edu,f6MrMpsHC,image/pjpeg
Genovera,Byles,Female,05/11/1949,32854,Florida,gbylesa4@google.com.br,q8ofWEanb2a,image/png
Katinka,Cochet,Female,09/19/1958,48107,Michigan,kcocheta5@diigo.com,zBU1vzA7jKs,image/x-tiff
Marysa,Marqyes,Female,02/23/1987,17622,Pennsylvania,mmarqyesa6@pbs.org,FnCYbgIZDCep,image/tiff
Mina,Pipet,Female,10/03/1972,95354,California,mpipeta7@adobe.com,hRTtt9gJUwZF,image/x-tiff
Olivier,Tatam,Male,03/04/1961,88541,,otatama8@about.me,1H5jDsMSGd4d,image/tiff
Dara,Denton,Female,03/14/2002,23237,Virginia,ddentona9@fc2.com,pbUjiKj,image/x-tiff
Darwin,Farthing,Male,07/06/2004,88006,New Mexico,dfarthingaa@google.es,HvwJhYh9u74L,image/png
Millie,Garlett,Female,12/15/1993,48217,Michigan,mgarlettab@google.de,XdnZqQSM4,
Prudence,d' Eye,Female,09/07/1957,18706,Pennsylvania,pdeyeac@ucoz.ru,39HdNnmGPm8X,
Adelina,Hobbert,Female,08/19/1942,79923,Texas,ahobbertad@ox.ac.uk,UcoQAidMPH1H,image/x-tiff
Ashbey,Sondland,Male,10/23/1953,,Tennessee,asondlandae@meetup.com,ZkMC3KrT,image/tiff
Ilsa,Forseith,Female,04/03/1977,,Illinois,iforseithaf@twitpic.com,X2Dwp0fl,image/pjpeg
Vallie,Kershow,Female,10/21/1954,33763,,vkershowag@shutterfly.com,S6xerigwtDP,
Isac,Lillford,Male,04/13/1971,,Missouri,ilillfordah@foxnews.com,4Ba8LaNcK,image/png
Witty,Soaper,Male,01/02/1997,66286,Kansas,wsoaperai@istockphoto.com,UoGVa5wVY2Q,image/gif
Glennis,O' Kelleher,Female,05/28/1996,32830,Florida,gokelleheraj@cornell.edu,sBZAWkxCSH,
Mariette,Aldous,Female,03/30/1969,95833,California,maldousak@paypal.com,jhGHs0b,image/gif
Zacharie,Anfossi,Male,10/16/1946,,Illinois,zanfossial@diigo.com,h6wYJAxy4p8n,image/png
Nell,Tonkes,Female,04/11/2004,,Virginia,ntonkesam@theatlantic.com,L4PxvylvYmYy,image/png
Eloisa,Sheardown,Female,10/15/1966,94616,California,esheardownan@theatlantic.com,tz3HdCM,image/gif
Holden,Shuter,Male,01/16/1981,92519,California,hshuterao@plala.or.jp,x28NPcGh,image/png
Claudina,Addlestone,Female,12/13/1983,21265,Maryland,caddlestoneap@uol.com.br,Ijim1Pk,image/gif
Con,Galley,Male,02/12/1955,,Maryland,cgalleyaq@symantec.com,azl7CBJoHg8q,image/x-tiff
Hillier,Hamblen,Male,06/05/1940,53215,Wisconsin,hhamblenar@oakley.com,lYv1gnFH,image/pjpeg
Ninon,Cawdron,Female,05/03/2002,46295,Indiana,ncawdronas@dailymotion.com,UoD2y5O6N3w,image/jpeg
Donny,McCooke,Male,01/04/1975,28305,North Carolina,dmccookeat@blinklist.com,sIQVu4,image/png
Kiley,Rhoddie,Female,09/28/1940,29305,South Carolina,krhoddieau@sogou.com,Ghjvnd6,image/tiff
Omero,Tsarovic,Male,08/02/1971,88530,Texas,otsarovicav@github.com,SxZdII68lveZ,
Jaymee,Cridlan,Female,01/13/1954,,Missouri,jcridlanaw@answers.com,BljRHd,image/png
Modestine,Carff,Female,11/08/1973,14225,New York,mcarffax@e-recht24.de,bNN4XKU9TJvS,image/gif
Eugenio,Tournie,Male,08/18/1962,20319,District of Columbia,etournieay@xing.com,NOfwJ1,
Manon,Olner,Female,09/10/1961,20005,District of Columbia,molneraz@loc.gov,lcCiXAoB,
Torrance,Ballay,Male,11/13/1970,75037,Texas,tballayb0@vistaprint.com,BqCUqZTY,image/pjpeg
Faydra,Arrandale,Female,11/10/1999,97229,Oregon,farrandaleb1@washington.edu,EEhxyUg2MFH,
Lazarus,Bough,Male,06/20/1972,77554,Texas,lboughb2@seesaa.net,GhEJo95r,image/tiff
Hazel,Gladeche,Female,10/06/2000,98185,Washington,hgladecheb3@google.es,93kMDj,image/tiff
Gordan,Ireson,Male,03/21/1977,92883,California,giresonb4@adobe.com,NMb8B9D,image/jpeg
Leslie,Iveans,Male,03/28/1954,22036,Virginia,liveansb5@bluehost.com,mJkPULEAyvB3,image/pjpeg
Dael,Bowie,Female,06/08/1941,87180,,dbowieb6@jalbum.net,9Wka7nqL,image/tiff
Nikoletta,Reece,Female,05/11/1987,,California,nreeceb7@bloglovin.com,YRfJCG,image/jpeg
Lalo,Simone,Male,07/28/1982,,Texas,lsimoneb8@google.fr,sitH6gC,image/jpeg
Miles,Huleatt,Male,03/15/1986,32215,Florida,mhuleattb9@china.com.cn,y1lHrei,image/gif
Kirsti,Vasler,Female,04/18/1997,67220,Kansas,kvaslerba@t-online.de,E0cJCws,image/jpeg
Grenville,Abrahamsson,Male,07/18/1975,36205,Alabama,gabrahamssonbb@ebay.com,IUM8htCcfeq8,
Petr,Gutsell,Male,10/24/1999,28272,North Carolina,pgutsellbc@un.org,kjwrL7GmF,image/pjpeg
Winfred,Harbertson,Male,06/23/1940,33233,Florida,wharbertsonbd@freewebs.com,LJE0W0Oe,image/tiff
Garth,de Leon,Male,05/03/1971,27455,North Carolina,gdeleonbe@i2i.jp,tlgPRB,image/png
Norris,Pearce,Male,02/22/2003,90410,California,npearcebf@gizmodo.com,unlTI5fB,
Silvie,Maw,Female,06/15/1954,19495,Pennsylvania,smawbg@constantcontact.com,Ok6DfI4K4V,image/png
Elsie,Gahan,Female,07/12/1996,65218,Missouri,egahanbh@spotify.com,HE5yf8Rmkuj,
Therine,Drewitt,Female,05/07/1996,91210,California,tdrewittbi@eventbrite.com,jMPzGlb4sQjq,image/x-tiff
Mary,Waliszewski,Female,02/10/1946,15286,Pennsylvania,mwaliszewskibj@ucoz.ru,N4wTQWFG,image/tiff
Xymenes,Hursthouse,Male,01/04/2002,77218,Texas,xhursthousebk@google.es,loIPUPHQcF,image/jpeg
Rebe,Himsworth,Female,07/18/1968,,Tennessee,rhimsworthbl@soup.io,LeF3WfQErqF7,
Clyve,Webb-Bowen,Male,12/24/1945,16522,Pennsylvania,cwebbbowenbm@slashdot.org,JdJTy3G,
Noland,Gillum,Male,01/31/1984,76110,Texas,ngillumbn@taobao.com,DEIijLgW,image/x-tiff
Dody,Bampforth,Female,09/18/1976,99215,Washington,dbampforthbo@census.gov,bhCr4LtvaPW,image/pjpeg
Cammy,Clemmow,Female,09/21/1949,,Connecticut,cclemmowbp@jugem.jp,Uw1bZGOW31z,
Darcee,Gallandre,Female,06/27/1980,85705,Arizona,dgallandrebq@mapquest.com,gAstjoG,image/jpeg
Yehudit,Sprull,Male,10/05/1942,41905,Kentucky,ysprullbr@ftc.gov,H5keeY,image/gif
Camey,McNeilley,Male,09/07/1951,,Indiana,cmcneilleybs@uiuc.edu,1lp1re,
Antonella,Messent,Female,08/13/1988,27409,North Carolina,amessentbt@mac.com,2h8BBZ,image/pjpeg
Cleavland,Yarrall,Male,08/23/1971,95354,California,cyarrallbu@cloudflare.com,i4nHYUzwIlj,image/gif
Danella,Hanstock,Female,07/21/1949,27626,North Carolina,dhanstockbv@discuz.net,NEtV6HGgw,image/tiff
Bertrando,Dewick,Male,05/17/1949,53405,,bdewickbw@youku.com,63kCWeBH,image/pjpeg
Veradis,Biddle,Female,08/28/1944,94159,California,vbiddlebx@sfgate.com,AIabvG5s,image/tiff
Roanne,Dunridge,Female,10/12/1973,51110,Iowa,rdunridgeby@alexa.com,YBv8jlCIEFap,image/x-tiff
Adelaide,Harrell,Female,06/25/1995,,Ohio,aharrellbz@time.com,KZaLRWRk,image/tiff
Rinaldo,Truesdale,Male,11/01/1946,78789,Texas,rtruesdalec0@blogs.com,jb342o,image/x-tiff
Noel,Pinnion,Female,05/29/1978,28284,North Carolina,npinnionc1@psu.edu,AS0XqU,image/tiff
Allene,Zealey,Female,04/03/1992,43666,Ohio,azealeyc2@odnoklassniki.ru,QzV06v,image/jpeg
Seymour,Dosdell,Male,03/23/1977,73124,Oklahoma,sdosdellc3@nydailynews.com,MulE96H0dH4n,image/x-tiff
Raquel,Dymocke,Female,03/25/1971,34276,Florida,rdymockec4@illinois.edu,TQ9wdO8AiZ,
Virgilio,Burt,Male,05/04/1972,71130,Louisiana,vburtc5@earthlink.net,N9LAyCba,
Margo,Gilks,Female,10/29/1940,75205,Texas,mgilksc6@stumbleupon.com,jtFyVVAH3,image/x-tiff
Marieann,Willman,Female,09/15/1951,87505,New Mexico,mwillmanc7@npr.org,raqtygkH,image/jpeg
Charita,Dishmon,Female,04/02/1979,02745,Massachusetts,cdishmonc8@cisco.com,FEP7rR7Tko57,image/pjpeg
Amargo,Plowman,Female,09/26/1944,29579,South Carolina,aplowmanc9@businessinsider.com,lhCIL7anK,image/x-tiff
Elwin,Ivatt,Male,03/23/1982,74103,Oklahoma,eivattca@drupal.org,lDfZHDI,image/jpeg
Demetrius,Pithcock,Male,08/06/1943,88569,Texas,dpithcockcb@tinyurl.com,2kP0JPzR,image/tiff
Nicholle,Crosdill,Female,01/28/1991,21203,Maryland,ncrosdillcc@fema.gov,3KSscN6qO6,image/pjpeg
Brandais,Lestor,Female,07/05/1993,97306,Oregon,blestorcd@google.co.uk,AMwAeJcM33Z,image/gif
Emmet,Avramovitz,Male,09/12/1998,84152,Utah,eavramovitzce@chicagotribune.com,JHpUDUi,
Isaak,Andryunin,Male,04/05/1967,90045,California,iandryunincf@vistaprint.com,YRXemOljRvy8,image/png
Catharine,Davidsen,Female,01/04/1962,,Missouri,cdavidsencg@jigsy.com,qEq7R1L3kMmj,image/gif
Diena,Wardley,Female,04/27/1982,76115,Texas,dwardleych@pinterest.com,IOIVdN3kO,image/pjpeg
Harlen,Giorgi,Male,11/14/1946,10024,New York,hgiorgici@fc2.com,haw6ygnTi39,image/x-tiff
Alla,MacIlriach,Female,12/05/1992,29625,South Carolina,amacilriachcj@intel.com,URDpAdzqHvhl,image/gif
Winston,Schnieder,Male,11/22/1996,,Texas,wschniederck@usatoday.com,RC1GkE,image/tiff
Cristi,Ainge,Female,06/21/1998,,District of Columbia,caingecl@tumblr.com,K8pAzTE,image/tiff
Margaret,Cumberland,Female,11/30/2003,32505,Florida,mcumberlandcm@youtu.be,uViPWU6gvSR,image/png
Frederic,Ellerker,Male,03/25/1973,21281,Maryland,fellerkercn@aol.com,QBOWVhC1gfB,image/gif
Aleece,Hess,Female,10/03/1990,11205,New York,ahessco@who.int,gOVnqyRBKWf,image/pjpeg
Coralie,Blackesland,Female,08/20/1991,77218,Texas,cblackeslandcp@examiner.com,iTOzWiJ,image/gif
Dana,Le Page,Female,09/24/1993,77343,Texas,dlepagecq@csmonitor.com,RjpU0Gwi0,image/gif
Willamina,Aronstam,Female,06/01/1971,85748,Arizona,waronstamcr@jigsy.com,TLvrBg,image/png
Shelbi,Kent,Female,07/22/1995,84170,Utah,skentcs@instagram.com,sw7lKKp,
Sheilakathryn,Pettis,Female,10/26/1996,84125,Utah,spettisct@google.co.jp,0GkwUHbf5F,image/tiff
Townie,Moulster,Male,08/13/1960,70826,Louisiana,tmoulstercu@nih.gov,CJREfGTG,
Amie,Sallter,Female,12/29/1992,33018,Florida,asalltercv@bloglovin.com,szyk4wyWA,image/x-tiff
Penny,Hollingshead,Male,12/11/1975,71166,Louisiana,phollingsheadcw@comcast.net,hPhr5Mb,image/pjpeg
Shandy,Sindell,Female,06/10/1972,74141,Oklahoma,ssindellcx@vistaprint.com,xuxPr265RC,
Nanci,Wychard,Female,11/05/1986,99790,Alaska,nwychardcy@freewebs.com,KLJx2q9c0g,image/pjpeg
Cassandre,Traise,Female,09/14/1941,91505,California,ctraisecz@time.com,RjSm9sHxm,image/png
Travus,Karpov,Male,04/22/1971,02124,Massachusetts,tkarpovd0@ucsd.edu,ipww1pB,
Byrom,Van Halle,Male,03/04/1965,80262,Colorado,bvanhalled1@t.co,OKKha557799,image/pjpeg
Ursala,Phalp,Female,09/10/1954,77060,Texas,uphalpd2@hostgator.com,BtoqnEWSFFIy,
Virge,Bruinsma,Male,12/07/1962,20784,Maryland,vbruinsmad3@springer.com,xOLvYjrg,image/pjpeg
Salome,Amott,Female,03/15/1943,11241,New York,samottd4@mozilla.com,udSVq4FD,image/jpeg
Kelvin,Yurikov,Male,01/28/1964,53710,Wisconsin,kyurikovd5@dagondesign.com,zD6EwOdeTi,image/x-tiff
Minne,Stuchberry,Female,12/25/1971,27415,North Carolina,mstuchberryd6@parallels.com,DVSYO1YEHy,image/png
Glenda,Lewing,Female,07/04/1966,92153,California,glewingd7@yolasite.com,XKVmqRTnBX6A,image/x-tiff
Ester,Kellick,Female,08/03/1967,21275,Maryland,ekellickd8@theguardian.com,RgrB7MD1Br,image/gif
Shandee,Siburn,Female,06/03/1968,66205,,ssiburnd9@w3.org,dAXTuMWm1RPu,image/pjpeg
Gerhard,Bertwistle,Male,02/20/1945,47905,Indiana,gbertwistleda@eepurl.com,sVvF2H60tjmO,image/jpeg
Brooke,Slee,Male,04/13/1981,02458,Massachusetts,bsleedb@qq.com,oCBszhYN0,image/x-tiff
Nils,Wadhams,Male,02/09/1956,78230,Texas,nwadhamsdc@msu.edu,tpCNVu6L,image/pjpeg
Abelard,Coalburn,Male,12/31/1975,45249,Ohio,acoalburndd@simplemachines.org,f3sMjbsBHe,image/x-tiff
Sonnnie,Paddison,Female,09/03/1967,40745,Kentucky,spaddisonde@prnewswire.com,4lnCDMe3,image/pjpeg
Alfie,Garthland,Male,09/16/2002,30328,Georgia,agarthlanddf@timesonline.co.uk,DqgOftnmrG,
Theressa,Bellard,Female,02/16/1950,46202,,tbellarddg@reference.com,2B5zWb,image/x-tiff
Rudiger,Gai,Male,12/30/1943,80940,,rgaidh@ebay.co.uk,2YZ0wq,image/png
Seth,Fydoe,Male,08/13/1953,37235,Tennessee,sfydoedi@so-net.ne.jp,OEW64q1YRsH,image/gif
Davidde,Lago,Male,12/13/1971,97221,Oregon,dlagodj@economist.com,hYmloOZNC,image/jpeg
Giffy,Oulner,Male,09/10/1952,90040,California,goulnerdk@eepurl.com,W52xcJ,image/png
Agace,Caldecot,Female,12/23/1944,,Virginia,acaldecotdl@youku.com,SmOYQPSPH,
Patin,Schimon,Male,08/30/1941,30096,Georgia,pschimondm@youtu.be,gBieN8Qr,image/png
Rivy,Bricket,Female,09/17/1976,89519,Nevada,rbricketdn@stanford.edu,AtzF5c,image/x-tiff
Rafaellle,MacArthur,Male,01/11/1970,32590,Florida,rmacarthurdo@washington.edu,BKazJDSyecI,image/pjpeg
Hilarius,Brothers,Male,01/15/1942,14652,New York,hbrothersdp@xrea.com,0i2Q6JrAnw,image/gif
Lane,Hurburt,Female,06/10/1960,50320,Iowa,lhurburtdq@utexas.edu,L2z2rU8Cg,image/jpeg
Winnie,Paolo,Female,10/15/1961,76505,Texas,wpaolodr@hubpages.com,Zbu9ouwnvoi8,image/pjpeg
Antons,Haigh,Male,11/07/1992,63150,Missouri,ahaighds@sfgate.com,5U7ObBbpI,image/pjpeg
Freedman,O'Cullinane,Male,02/05/1963,48092,Michigan,focullinanedt@un.org,gQdtCWzd,image/x-tiff
Lonna,Ellington,Female,01/30/1997,95405,California,lellingtondu@blinklist.com,Ikta26rgjs,image/png
Immanuel,Tollett,Male,11/19/1958,,Nevada,itollettdv@parallels.com,D5fLsUJ,image/pjpeg
Greta,Crawley,Female,09/24/1967,20409,District of Columbia,gcrawleydw@ucoz.com,EMHsuq2hrAC,image/jpeg
Roddie,Yarnley,Male,11/21/1947,,Florida,ryarnleydx@bbc.co.uk,KsOe7Np9G,image/jpeg
Giulia,Dwight,Female,08/22/1941,23663,Virginia,gdwightdy@facebook.com,GgRK4Ci4dW,
Reynolds,Crowcher,Male,12/16/1988,68179,Nebraska,rcrowcherdz@networksolutions.com,aN8uk73r,image/x-tiff
Mariann,Hughlin,Female,02/18/2004,36689,Alabama,mhughline0@dagondesign.com,tXQIjV6KZ2,image/png
Maighdiln,Maass,Female,12/28/1959,53726,Wisconsin,mmaasse1@simplemachines.org,UC76ekTL,image/jpeg
Kathy,Reditt,Female,03/08/1973,21239,Maryland,kreditte2@vkontakte.ru,taqcUDN87BOp,image/gif
Bell,Gye,Female,10/29/1980,89125,Nevada,bgyee3@cnet.com,QQYCuTDERC,image/png
Fin,Gilbey,Male,08/08/1951,80270,Colorado,fgilbeye4@artisteer.com,92fKad,image/x-tiff
Nichole,Langstone,Male,06/10/1989,91616,California,nlangstonee5@google.ru,zovJjZtZT,image/gif
Avie,Noir,Female,03/23/1985,93150,California,anoire6@wp.com,E2t02QX2,image/pjpeg
Fanchon,Renton,Female,10/23/1988,80279,Colorado,frentone7@1688.com,fKcGnz1oh,
Car,Catanheira,Male,06/23/1966,25770,West Virginia,ccatanheirae8@ucoz.com,IKoGvEGfpv,image/pjpeg
Neddie,Beswell,Male,04/29/1989,84403,Utah,nbeswelle9@bizjournals.com,BiPBlrJ,image/jpeg
Nobe,Yeldon,Male,02/20/1948,33405,Florida,nyeldonea@moonfruit.com,AKfsmUpQm3s,image/png
Nanny,Borrel,Female,05/26/2003,40266,Kentucky,nborreleb@cdc.gov,owIgKgwi,
Obadias,Pardew,Male,04/24/1953,76110,Texas,opardewec@berkeley.edu,FwfEDzfu9LG,image/x-tiff
Alphard,Whittock,Male,03/24/1969,90081,California,awhittocked@upenn.edu,NcePDAhTB,
Ermina,MacKomb,Female,07/31/1994,72905,Arkansas,emackombee@ucla.edu,As1n5vgHQYJ,image/x-tiff
Honoria,Hearnaman,Female,08/18/1985,,Tennessee,hhearnamanef@mit.edu,lQNUFA50KAht,image/pjpeg
Pen,Hellin,Female,05/17/1998,48224,Michigan,phellineg@privacy.gov.au,oizE7p8Q9,image/jpeg
Martainn,Raithmill,Male,02/03/1952,92013,California,mraithmilleh@photobucket.com,KQHDZ23,
Germaine,Aspole,Female,12/18/1961,84115,Utah,gaspoleei@bandcamp.com,sEgZhXU,
Riva,Meadway,Female,04/15/1990,85284,Arizona,rmeadwayej@reuters.com,L2SbyDN,
Marietta,Quenell,Male,08/02/1995,54915,Wisconsin,mquenellek@moonfruit.com,9FQmCA0lqB,
Isis,Catlow,Female,06/09/1966,40745,,icatlowel@sakura.ne.jp,3UUQOUa,image/png
Sib,Albone,Female,01/04/1997,,Michigan,salboneem@shutterfly.com,9zLvddtvbbrc,image/jpeg
Roderic,Empringham,Male,03/02/1995,30358,Georgia,rempringhamen@4shared.com,EUZTAayEYa,
Otho,Crilley,Male,05/03/1985,85040,Arizona,ocrilleyeo@umich.edu,mwiY2HrP,
Phoebe,Float,Female,06/08/2000,10292,New York,pfloatep@wiley.com,dPUMhk,image/gif
Gisela,Ayerst,Female,11/20/1956,06520,Connecticut,gayersteq@apache.org,kvIxR4fSk,image/png
Rowen,Lowson,Male,08/11/1950,80915,,rlowsoner@dailymail.co.uk,UoZr1KZBovZ,
Leonid,Petroulis,Male,01/03/1940,32230,Florida,lpetroulises@upenn.edu,f0JPGex2,
Lilly,Gamlin,Female,01/11/1996,48242,,lgamlinet@nydailynews.com,Rf5FNfUNiwBo,image/png
Florentia,Giacubbo,Female,05/06/1964,,Florida,fgiacubboeu@cnbc.com,tNwjRSi5PJK,image/jpeg
Baryram,Sully,Male,06/10/1962,89150,Nevada,bsullyev@blogger.com,j5irABdwqB,image/jpeg
Aloin,Speight,Male,01/13/1985,02119,Massachusetts,aspeightew@redcross.org,2BpgIh4DNUb,image/png
Killian,Hallward,Male,03/30/1999,37215,,khallwardex@youku.com,eKwrgoewZh,image/tiff
Donnie,Castellet,Male,11/10/1961,15210,,dcastelletey@xrea.com,O731DKyNd,image/jpeg
Granthem,Gannaway,Male,03/05/1983,18706,Pennsylvania,ggannawayez@sciencedirect.com,37YjpdZyfi,image/tiff
Helen,Leamy,Female,02/25/1976,,Tennessee,hleamyf0@cbc.ca,NR9IA6SBG17,
Stevena,Gawthorpe,Female,03/11/1949,32813,Florida,sgawthorpef1@bloglovin.com,ixK3oXvcrR,image/tiff
Rudolf,Sarjent,Male,10/16/1962,48076,Michigan,rsarjentf2@oaic.gov.au,fVqcwJw,image/gif
Keen,Prendiville,Male,05/07/1965,,Texas,kprendivillef3@google.co.uk,LGbuUK91CO,
Gray,Instrell,Female,12/13/1985,80945,Colorado,ginstrellf4@vkontakte.ru,oGfcKTENH3n,image/jpeg
Shay,Fripp,Male,10/31/1975,,,sfrippf5@nbcnews.com,piXVu9MxW,
Therine,Killelea,Female,02/28/1950,20525,District of Columbia,tkilleleaf6@wikimedia.org,PaDxPqQX,image/gif
Philippe,Jimpson,Female,05/06/1976,30351,Georgia,pjimpsonf7@shinystat.com,xtqlBSs,image/tiff
Thedrick,Niles,Male,10/12/1996,,Utah,tnilesf8@behance.net,2squg9eCTPM,image/pjpeg
Deane,Towson,Male,08/29/1947,20436,District of Columbia,dtowsonf9@w3.org,7lK0R0LSQGg6,image/png
Lexis,Farish,Female,07/18/1995,32505,Florida,lfarishfa@discuz.net,SXU0U5DuF,
Anette,Sudy,Female,02/24/1973,85732,Arizona,asudyfb@columbia.edu,bcO8Ld,
Willis,Mayho,Male,11/04/2002,15286,Pennsylvania,wmayhofc@google.co.uk,g1nqr71,
Harald,Duny,Male,10/21/1947,78726,Texas,hdunyfd@163.com,6ziI9FDv,image/jpeg
Ingeberg,Le Grice,Female,04/27/1963,30351,Georgia,ilegricefe@xrea.com,htsNvhF1,image/x-tiff
Zsazsa,Gooday,Female,04/11/2003,,Tennessee,zgoodayff@vinaora.com,6aSuSPndx,
Kalila,Barr,Female,01/17/1966,25726,West Virginia,kbarrfg@blogger.com,mNwFQUlhO1j9,image/tiff
Sandi,Kirvin,Female,07/23/1980,12205,New York,skirvinfh@reuters.com,uDqWmdR,image/x-tiff
Darcie,Ramelot,Female,06/05/1960,77218,Texas,dramelotfi@tuttocitta.it,MQE0tg6,
Westley,Cantera,Male,09/05/1988,,,wcanterafj@house.gov,1cuhTz,image/gif
Hillary,Dunphy,Male,06/13/1984,46266,Indiana,hdunphyfk@answers.com,WrC0Ydt6tq8B,image/gif
Ibby,Merrywether,Female,02/20/1996,,Michigan,imerrywetherfl@bbc.co.uk,Xyo4TEg,image/tiff
Meridel,Twentyman,Female,11/21/1948,76205,Texas,mtwentymanfm@surveymonkey.com,n6fGeT7,image/jpeg
Laurene,Baseke,Female,10/16/1967,53205,Wisconsin,lbasekefn@ebay.com,ispwZ1fM,
Larry,Lode,Male,03/15/1942,53277,Wisconsin,llodefo@icq.com,TGPP1I2P3Ub,image/x-tiff
Carmita,Suffe,Female,03/07/1984,73190,Oklahoma,csuffefp@mapquest.com,n5iKTc60Fsa,image/pjpeg
Boote,Rix,Male,06/19/1988,10099,,brixfq@people.com.cn,i56ASJ7Y,image/jpeg
Kimberli,Shankle,Female,03/28/1945,92662,,kshanklefr@patch.com,0bxmLgUU5lt,image/x-tiff
Allyce,Bermingham,Female,11/03/1965,,District of Columbia,aberminghamfs@yahoo.co.jp,Vg8Fu9,image/pjpeg
Minerva,Tittletross,Female,09/19/1962,92127,,mtittletrossft@salon.com,pRz6Dh7iANkn,image/png
Hector,Del Dello,Male,11/10/1951,11205,New York,hdeldellofu@bravesites.com,6LqsYN2QpZ2,image/x-tiff
Stavro,Arson,Male,04/06/1997,,Texas,sarsonfv@homestead.com,smAssyI,image/jpeg
Gianina,Al Hirsi,Female,05/30/1954,44710,Ohio,galhirsifw@ted.com,PW1AqDt,image/gif
Carlo,Aish,Male,10/04/2001,90035,,caishfx@multiply.com,vyUxSZnq,
Maighdiln,Coole,Female,11/30/1966,28242,North Carolina,mcoolefy@nbcnews.com,Nly0m3V22E4q,
See,Dillistone,Male,04/03/1966,97296,Oregon,sdillistonefz@xinhuanet.com,63twSZYM,
Lancelot,Rodge,Male,07/09/1994,39404,Mississippi,lrodgeg0@arstechnica.com,PR6vFqEO9h0t,image/png
Gilburt,Speaks,Male,11/14/1977,27705,North Carolina,gspeaksg1@desdev.cn,KLxGB5OzXA,image/png
Flore,Arpe,Female,10/01/2003,22333,Virginia,farpeg2@utexas.edu,PzYWDFZ,image/pjpeg
Carly,Ector,Female,01/08/1995,92883,California,cectorg3@psu.edu,rpEunCj7,image/jpeg
Craggie,Wernham,Male,05/28/1965,37416,Tennessee,cwernhamg4@squarespace.com,RkD9xUyg3f,image/gif
Noni,Laugheran,Female,08/02/1943,,Louisiana,nlaugherang5@t-online.de,RsT3VLQ9,
Aurilia,Klein,Female,03/31/1941,24503,Virginia,akleing6@bloglines.com,bggPg1,image/tiff
Fair,Phillot,Male,08/04/1967,,Florida,fphillotg7@tinyurl.com,qW5IN1wQL,image/x-tiff
Roley,Snelling,Male,02/19/1950,98481,Washington,rsnellingg8@mail.ru,glFqtwRm,image/pjpeg
Rea,Lauridsen,Female,07/29/1956,33432,Florida,rlauridseng9@a8.net,yuOe1GIrZcU,image/png
Marcella,Kleszinski,Female,04/03/1950,91913,California,mkleszinskiga@123-reg.co.uk,pUG9Gh,image/jpeg
Bryce,Whitington,Male,01/10/1945,28247,,bwhitingtongb@google.it,B2exXJSf,
Cyndy,Dumphy,Female,03/21/1971,48555,Michigan,cdumphygc@etsy.com,dS2uGF,image/pjpeg
Sonia,Derwin,Female,07/05/1987,45233,Ohio,sderwingd@list-manage.com,8ITMxs,image/x-tiff
Margret,McDuff,Female,11/14/1977,87505,New Mexico,mmcduffge@dailymotion.com,HKXLqCp,image/x-tiff
Evered,Almak,Male,11/23/1995,,Kentucky,ealmakgf@e-recht24.de,SqeFjkamQAj,image/png
Hugibert,Tomaszczyk,Male,10/14/1979,55805,Minnesota,htomaszczykgg@nbcnews.com,Ub6oB3nki,
Rosemary,Harrington,Female,03/06/1980,93750,California,rharringtongh@timesonline.co.uk,6ZILtj,image/gif
Leonanie,Lindsay,Female,09/08/1949,77030,Texas,llindsaygi@theguardian.com,huGpAZ4,
Cesar,Smeuin,Male,09/08/1979,,North Carolina,csmeuingj@a8.net,nMGst6ejAUUO,
Yolanthe,Habbema,Female,10/19/2004,78682,Texas,yhabbemagk@cafepress.com,dUV9bMJIe,image/pjpeg
Lindy,Readie,Female,05/31/1962,,Texas,lreadiegl@boston.com,dXXqIocc,image/jpeg
Sacha,Glynne,Female,03/14/1964,33963,Florida,sglynnegm@lycos.com,fiby8IR0S,image/x-tiff
Austin,Guillem,Female,12/28/1943,92110,California,aguillemgn@craigslist.org,aNNjfWQF,
Ibbie,Apfel,Female,05/08/1974,93584,California,iapfelgo@webs.com,ux7GURNklmg,image/jpeg
Vlad,Caron,Male,07/05/1946,92165,,vcarongp@sfgate.com,GKh3tj30,image/gif
Tate,Swait,Female,03/12/1954,10249,New York,tswaitgq@senate.gov,DT8lCfUGg1o,image/tiff
Yuma,Connechy,Male,12/21/1956,72209,Arkansas,yconnechygr@reuters.com,PGhZigL8QJ,image/jpeg
Humphrey,Kinnach,Male,10/16/2001,39296,Mississippi,hkinnachgs@google.ca,KCpAUAgq,image/gif
Tedmund,Badam,Male,07/09/1978,98042,Washington,tbadamgt@auda.org.au,cXnj6Lf60Wl,image/tiff
Nickolaus,Geraudel,Male,06/21/1949,27626,North Carolina,ngeraudelgu@howstuffworks.com,v0PpMqZ302,image/x-tiff
Willabella,Ziemecki,Female,03/04/1996,25305,,wziemeckigv@businessinsider.com,XuB8WMK9,image/tiff
Bobbette,Verecker,Female,02/19/1998,,Kansas,bvereckergw@loc.gov,skGkOPVAO,image/tiff
Tobey,Hacon,Female,08/23/1960,41905,,thacongx@foxnews.com,aOi6GgSUbo,
Gregoire,Devorill,Male,01/08/1975,70149,,gdevorillgy@guardian.co.uk,QL7ENc1FEP,image/tiff
Helga,Ashburner,Female,02/12/1952,75799,Texas,hashburnergz@pagesperso-orange.fr,fsBCuGR9,image/gif
Karita,Diack,Female,01/15/1954,28405,,kdiackh0@w3.org,jDWXD3Qbvqq,
Sharlene,Corneille,Female,02/28/1959,97221,Oregon,scorneilleh1@gmpg.org,lV60nAXyXB,
Kara-lynn,Mourge,Female,08/19/1988,87140,New Mexico,kmourgeh2@pagesperso-orange.fr,ek7uALczRKhn,image/gif
Jedidiah,Mc Pake,Male,01/01/1984,89012,Nevada,jmcpakeh3@theguardian.com,lUcj3CD,image/jpeg
Edan,Faint,Male,03/13/1954,75392,Texas,efainth4@businessinsider.com,1Hj2CHe7,
Glynda,Elderbrant,Female,02/05/1961,30089,Georgia,gelderbranth5@de.vu,6UuyQtknhs,image/pjpeg
Wain,Benedick,Male,03/13/1996,33913,Florida,wbenedickh6@theglobeandmail.com,X2BIfUqnwknx,
Cece,Juster,Male,01/05/1977,20566,District of Columbia,cjusterh7@cam.ac.uk,9b6mNl4,image/png
Kathe,Pawelec,Female,08/20/1950,26505,West Virginia,kpawelech8@hubpages.com,J0dAQgx,
Ambrosio,De Ambrosi,Male,10/11/1956,85725,Arizona,adeambrosih9@liveinternet.ru,sMvWIjsx,
Lanie,Quig,Male,07/12/1992,32118,Florida,lquigha@bandcamp.com,HRLYtrburz,
Hyacinth,Killby,Female,04/22/1996,90831,California,hkillbyhb@yahoo.co.jp,ZHgsto0bt,
Yovonnda,Feehily,Female,10/13/1972,88563,Texas,yfeehilyhc@japanpost.jp,4JBSpm702,image/pjpeg
Dorotea,Archell,Female,09/22/1968,87592,New Mexico,darchellhd@patch.com,3Gib02sKY0Se,image/x-tiff
Rodolfo,Portman,Male,01/24/1942,75605,Texas,rportmanhe@domainmarket.com,gfMtSZVj96,image/tiff
Martina,Brinicombe,Female,07/21/1971,84110,Utah,mbrinicombehf@ca.gov,2VtHSgknarbS,image/png
Urbano,Dmtrovic,Male,12/07/2004,36114,Alabama,udmtrovichg@rambler.ru,Jih5fWq8i,image/png
Penelopa,Borrie,Female,10/17/2004,89120,Nevada,pborriehh@economist.com,0aDZbkku7kY,image/x-tiff
Florian,Keepe,Male,11/09/1972,45233,Ohio,fkeepehi@wikispaces.com,OYe0webGE4P,image/tiff
Marlie,Buchett,Female,09/01/1946,,,mbuchetthj@wix.com,lz0BlbFsGP,image/gif
Johny,Care,Male,04/05/1950,,Illinois,jcarehk@nifty.com,ZzVqRA7IgTxK,image/png
Adrien,Dunnett,Male,06/06/1942,98411,Washington,adunnetthl@wikipedia.org,ps5iYH7K,image/pjpeg
Alexandra,Glackin,Female,02/03/1975,07305,New Jersey,aglackinhm@usatoday.com,OSkz7S6,image/x-tiff
Annemarie,Emsden,Female,05/29/1957,,South Carolina,aemsdenhn@youku.com,HwBhQuJX,
Carma,Girardez,Female,01/24/1974,23509,Virginia,cgirardezho@google.it,YLuJtsQPGj5I,
Ceil,Wones,Female,01/03/1997,12232,New York,cwoneshp@fotki.com,1hiqdHcTV,image/tiff
Lyman,Rojas,Male,10/19/2001,55470,Minnesota,lrojashq@mtv.com,I05Zedy7NFm,image/pjpeg
Preston,Joriot,Male,05/10/1961,89714,Nevada,pjoriothr@weibo.com,v2XcD4,image/tiff
Madonna,Ranns,Female,11/17/1941,95405,California,mrannshs@wikia.com,Dwir5rGT,
Rubin,Landre,Male,11/07/1963,24004,Virginia,rlandreht@lulu.com,y3dc7zk,
Teresa,Horsfield,Female,11/11/1952,15250,Pennsylvania,thorsfieldhu@t.co,UqpZsjD8wVHH,
Hamilton,Olanda,Male,07/14/1979,39404,Mississippi,holandahv@gmpg.org,ZVjeLmidupvk,image/tiff
Laurie,Corkill,Female,10/14/1968,98447,Washington,lcorkillhw@kickstarter.com,wtDH9r,
Joan,McCurtain,Female,11/13/1992,,Georgia,jmccurtainhx@ucoz.ru,CzJP0iVnYDI,image/jpeg
Cammy,Forte,Female,09/15/1987,,Texas,cfortehy@amazon.co.jp,fH34mBbL75,image/jpeg
Jerrome,Allward,Male,12/16/1982,35279,Alabama,jallwardhz@deliciousdays.com,PsxdXK,image/pjpeg
Robina,Champley,Female,03/21/1960,38197,Tennessee,rchampleyi0@clickbank.net,xM0YRKEx78F,image/jpeg
Eugenie,Blumer,Female,04/11/1998,91797,California,eblumeri1@comsenz.com,QseebyVavh9,
Kingston,Napper,Male,07/09/1946,11236,,knapperi2@engadget.com,RXLJ0hulF,image/png
Dorena,Halversen,Female,09/23/1972,61614,Illinois,dhalverseni3@wiley.com,HVGW0O,
Selle,Golightly,Female,02/16/1986,93750,California,sgolightlyi4@cbslocal.com,leKCkFBovK9,image/pjpeg
Hermina,Plumb,Female,08/26/1961,36195,Alabama,hplumbi5@yellowbook.com,mgqbUtf9HOIj,image/tiff
Barclay,Tante,Male,08/25/1962,94245,California,btantei6@yahoo.co.jp,2U2UrE,image/png
Rivkah,Couronne,Female,05/13/1986,,Kentucky,rcouronnei7@liveinternet.ru,I92xcPhMBq,image/pjpeg
Cyrille,Wenzel,Male,08/23/1940,20088,District of Columbia,cwenzeli8@amazonaws.com,UEMUIfR8,image/jpeg
Adey,Leaney,Female,11/19/1985,11231,New York,aleaneyi9@wp.com,2egec7,
Roderic,Huet,Male,08/20/1972,99522,Alaska,rhuetia@examiner.com,EKETXWqU,image/x-tiff
Lowrance,Blizard,Male,04/12/1960,,Michigan,lblizardib@discovery.com,iitPpETK,image/tiff
Bobbye,Curston,Female,09/19/1986,30195,Georgia,bcurstonic@zimbio.com,TUDjCyqGty,
Donnell,Groll,Male,10/26/1944,55417,Minnesota,dgrollid@facebook.com,1ModeSElg,image/x-tiff
Konstanze,Elldred,Female,12/25/1959,20414,District of Columbia,kelldredie@geocities.com,XtbMdOmH,image/pjpeg
Rod,Fenlon,Male,09/23/2002,31217,Georgia,rfenlonif@boston.com,gJiu8nk6,image/gif
Beau,Jerisch,Male,07/24/1973,,Illinois,bjerischig@paginegialle.it,UClwVf,image/jpeg
Thurstan,McIvor,Male,05/09/1987,,Massachusetts,tmcivorih@timesonline.co.uk,LM3HrLMheQLp,image/tiff
George,Thorp,Female,12/22/1985,21211,Maryland,gthorpii@springer.com,WEQsXeI,image/tiff
Gregor,Dayton,Male,06/16/1967,,,gdaytonij@apple.com,fKq2TJ4,image/gif
Merle,McLucas,Male,07/22/1987,98405,Washington,mmclucasik@cargocollective.com,lW8YuDlbDEXi,
Nappy,Decruse,Male,05/21/1943,20580,District of Columbia,ndecruseil@fastcompany.com,bVOelmqL1FK8,
Neill,Brendeke,Male,05/26/1978,33064,Florida,nbrendekeim@chronoengine.com,JTHPCVs,image/gif
Kleon,Mish,Male,04/28/1987,81010,Colorado,kmishin@pbs.org,s4v7qgvAS,image/tiff
Gerard,Stivani,Male,10/21/1977,93740,,gstivaniio@un.org,aDdVC0n,
Giulietta,McCafferky,Female,08/14/1979,79105,Texas,gmccafferkyip@acquirethisname.com,6NRWxDxVbi,image/x-tiff
Flynn,Filyukov,Male,01/30/1980,32854,Florida,ffilyukoviq@huffingtonpost.com,nGJhbd5c,image/pjpeg
Tobe,De Rye Barrett,Female,05/09/1991,,Texas,tderyebarrettir@merriam-webster.com,wmF7AKZu2i,image/pjpeg
Wells,Fleisch,Male,08/11/1954,88519,Texas,wfleischis@purevolume.com,XRNBS9V,image/tiff
Aristotle,Plaice,Male,06/26/1992,25356,West Virginia,aplaiceit@meetup.com,9TV3Mkxp1,image/gif
Sawyer,Izacenko,Male,03/01/1981,51110,Iowa,sizacenkoiu@webs.com,ppjROj3hFWh,image/jpeg
Alford,Giovanizio,Male,04/30/1942,84115,,agiovanizioiv@time.com,bogF6kGKN,image/pjpeg
Michail,Levet,Male,03/05/1970,,Georgia,mlevetiw@creativecommons.org,kx4N3lYrkZy,
Che,Forty,Male,10/26/1954,,Texas,cfortyix@imgur.com,d0t1drLH,image/pjpeg
Percival,Hallad,Male,06/07/1996,77271,Texas,phalladiy@wikipedia.org,hakGl62esM5k,image/jpeg
Donnell,Diess,Male,07/25/1971,37924,Tennessee,ddiessiz@toplist.cz,yJbDOP0kgsG,
Spike,Lamplugh,Male,10/07/1960,28055,North Carolina,slamplughj0@soundcloud.com,sQjuIRdMuFY,image/x-tiff
Raynor,Lindblom,Male,04/30/1996,19886,Delaware,rlindblomj1@illinois.edu,ik3UA9TXFi,image/png
Rafaelita,Semrad,Female,04/22/1977,23285,Virginia,rsemradj2@mac.com,6wqgsPbP3S,image/pjpeg
Terence,Schulze,Male,01/01/1981,43615,Ohio,tschulzej3@howstuffworks.com,mQ71bmdr,
Lefty,Sibbe,Male,08/08/1948,75251,Texas,lsibbej4@prnewswire.com,Ky9gvpj0l,image/pjpeg
Obediah,Morena,Male,12/23/1944,73147,Oklahoma,omorenaj5@irs.gov,cE6ja3H,image/png
Claudian,Ball,Male,01/02/1961,33190,Florida,cballj6@independent.co.uk,Ixd2Zens20,image/jpeg
Krisha,Matteuzzi,Male,05/21/1998,48930,Michigan,kmatteuzzij7@illinois.edu,Upu1TuiXG62,image/png
Allayne,Brasted,Male,11/17/1985,94286,California,abrastedj8@amazon.co.uk,cvOr69Ex3,
Galvan,Sherrin,Male,08/18/1986,59806,Montana,gsherrinj9@godaddy.com,JHHFEufznxA,
Lilia,Mapson,Female,03/01/2002,34605,Florida,lmapsonja@chronoengine.com,cvKj4eEIlwSG,
Jacquetta,Girdwood,Female,11/28/1942,33283,,jgirdwoodjb@ted.com,rERNl0toz,image/tiff
Vinny,Wallworke,Female,09/06/1980,47705,Indiana,vwallworkejc@infoseek.co.jp,wRX9RPwp,image/x-tiff
Emalee,Booy,Female,05/06/1993,12227,New York,ebooyjd@t.co,gq64S7AzHZ,image/x-tiff
Ivory,Dummett,Female,06/16/1985,33805,Florida,idummettje@meetup.com,XOj1Rd2bbhP,image/png
Jammal,Grangier,Male,05/22/1989,75799,Texas,jgrangierjf@stanford.edu,BqtQCz6EpR4X,image/pjpeg
Rickey,Wabe,Male,08/01/1982,11407,New York,rwabejg@yale.edu,PhguKlL7tQl,image/gif
Homer,Chessum,Male,08/07/1962,80915,Colorado,hchessumjh@mediafire.com,uYiAgoK2W,image/pjpeg
Colver,Staneland,Male,12/26/1961,94177,California,cstanelandji@google.de,HnMFG5sRf913,image/png
Malorie,Emer,Female,02/12/1958,,Georgia,memerjj@ow.ly,7vCPO0M,image/x-tiff
Maegan,Plumbe,Female,10/31/1942,91125,California,mplumbejk@dot.gov,SKC5l5mITMDg,image/tiff
Enrichetta,Poulsom,Female,03/11/1957,32605,Florida,epoulsomjl@dailymail.co.uk,6MHkCZCay0k,image/tiff
Wolfgang,McBeth,Male,06/14/2003,28278,North Carolina,wmcbethjm@marriott.com,CNGLKJO,image/png
Rycca,Cole,Female,03/11/1993,31422,Georgia,rcolejn@fastcompany.com,86HKt6MFY8H,image/x-tiff
Griselda,Camsey,Female,11/16/1970,87505,New Mexico,gcamseyjo@blogger.com,Toy3QNzGBf,image/jpeg
Adoree,Landal,Female,01/10/1972,33647,Florida,alandaljp@meetup.com,M9Yyiw9,image/png
Rowen,Atherton,Male,07/03/1981,93762,California,rathertonjq@dion.ne.jp,C3Uyps6D,image/pjpeg
Missie,Dewbury,Female,12/06/1942,11436,New York,mdewburyjr@rakuten.co.jp,UBHxCw4BAKf,image/tiff
Salim,Edgin,Male,01/23/1948,30245,Georgia,sedginjs@tiny.cc,0o5BwMI,
Lonna,Dunsire,Female,10/06/1981,85010,Arizona,ldunsirejt@rediff.com,Tffr9RDTjt,image/png
Karita,Kaaskooper,Female,10/16/1942,32520,Florida,kkaaskooperju@desdev.cn,8YT4B4,
Hermann,McCaffrey,Male,10/13/1975,18514,Pennsylvania,hmccaffreyjv@dailymail.co.uk,7q5hmzeR,image/x-tiff
Marie,Ferrao,Female,04/11/1962,10110,New York,mferraojw@jiathis.com,c4ri9z,
Bobbee,Gorriessen,Female,02/25/1945,88569,Texas,bgorriessenjx@clickbank.net,tT0VtSiFoec,
Bron,Olman,Male,04/05/1958,93311,California,bolmanjy@ning.com,w6Wnz7updztK,image/x-tiff
Burton,Ector,Male,11/12/1976,89110,Nevada,bectorjz@comsenz.com,1mthl8jjILz,image/x-tiff
Bruce,Nuttey,Male,06/15/1982,44485,Ohio,bnutteyk0@desdev.cn,FnJfWicWWyEe,image/x-tiff
Mariellen,Morgon,Female,03/12/1995,83711,Idaho,mmorgonk1@economist.com,G2z8dVy,image/png
Harmony,Mowat,Female,08/29/1992,79405,Texas,hmowatk2@washington.edu,7lXScI,image/tiff
Kiersten,Nibley,Female,07/13/1950,75342,Texas,knibleyk3@homestead.com,800aRvNYq30,image/jpeg
Vinnie,Werlock,Female,09/20/1967,11044,New York,vwerlockk4@1688.com,SHZGWnOBBP9J,
Rourke,Hadwen,Male,06/22/1944,80995,Colorado,rhadwenk5@feedburner.com,UxNmPHS0,image/jpeg
Eal,Grigorkin,Male,10/13/1950,90410,California,egrigorkink6@edublogs.org,TnHpTjSh3,image/x-tiff
Kirk,Lowdyane,Male,09/18/1988,,California,klowdyanek7@prweb.com,KTqBwK,image/tiff
Cristionna,Tenney,Female,08/06/1998,70883,Louisiana,ctenneyk8@goodreads.com,7Ddr93urj51X,image/jpeg
Colene,Ilyushkin,Female,11/14/1993,91328,California,cilyushkink9@linkedin.com,9nGMqZy,image/gif
Winston,Langabeer,Male,10/21/1967,52405,Iowa,wlangabeerka@reverbnation.com,tECYjpJzjDqm,image/pjpeg
Arabele,Norville,Female,04/16/1977,44393,Ohio,anorvillekb@google.nl,Q6enl0KcF,
Deanne,Barwack,Female,07/07/1985,32309,Florida,dbarwackkc@cbsnews.com,IBoDwnn,
Luelle,Winsborrow,Female,10/02/1945,06726,Connecticut,lwinsborrowkd@globo.com,x2IdEkgGOY3,
Jacquenetta,Asple,Female,05/17/1983,35290,Alabama,jaspleke@cbslocal.com,e4D6BnRAhP,image/jpeg
Justinn,Bromehead,Female,06/09/1960,92145,California,jbromeheadkf@xing.com,ABboT8aUfif,image/pjpeg
Aland,Kearn,Male,10/19/1972,30306,,akearnkg@gmpg.org,05Wuf9L,
Steward,Luetchford,Male,07/21/1969,75372,Texas,sluetchfordkh@tripod.com,ZrT1LZoUO8,image/jpeg
Eadmund,Ewen,Male,08/22/1987,80045,Colorado,eewenki@prnewswire.com,WJxXVTjQT,image/gif
Boniface,Glavis,Male,06/30/1977,94110,California,bglaviskj@deviantart.com,WGbHflsQuQ,image/tiff
Reuven,Holdin,Male,09/24/1967,46278,Indiana,rholdinkk@altervista.org,E2MF7He,image/gif
Lilian,Engeham,Female,02/22/1954,,Texas,lengehamkl@mozilla.org,baq1AfF,image/gif
Burl,Dwerryhouse,Male,03/27/1940,79165,Texas,bdwerryhousekm@facebook.com,9DsVJt5G,image/pjpeg
Xavier,Peckham,Male,09/28/2003,,Georgia,xpeckhamkn@soundcloud.com,3esEDJLFyGY,image/x-tiff
Benedict,Glendza,Male,08/15/1968,20244,District of Columbia,bglendzako@bloomberg.com,fj24zd,image/tiff
Ford,Gruczka,Male,10/27/1967,,Florida,fgruczkakp@addtoany.com,3xDPLbXg9Y,image/pjpeg
Immanuel,Klaaassen,Male,04/30/1999,33686,Florida,iklaaassenkq@sbwire.com,1bEO2Uztia,image/pjpeg
Aida,Rummery,Female,11/25/1947,,,arummerykr@go.com,QCNZSNZPk,image/jpeg
Ty,Fresson,Male,12/13/1948,85743,Arizona,tfressonks@mediafire.com,uOq39DKJTjY,
Henderson,Tunesi,Male,12/28/1974,28289,North Carolina,htunesikt@yolasite.com,5TYsgtZKI,image/jpeg
Wendye,Wickwarth,Female,06/13/2001,31210,Georgia,wwickwarthku@elegantthemes.com,DPo5MTV,
Carlene,Baglow,Female,03/07/2001,28314,North Carolina,cbaglowkv@bluehost.com,oTzK9kL,
Else,Baptist,Female,03/25/1954,94121,California,ebaptistkw@usnews.com,5Kl1jZiY,image/png
Renard,Zieme,Male,09/06/1988,90831,California,rziemekx@npr.org,vwtFRQM4,image/jpeg
Alfy,Schollick,Female,04/21/1944,97206,Oregon,aschollickky@github.com,PjC7046,image/pjpeg
Lennard,Bessom,Male,07/16/1951,61614,Illinois,lbessomkz@jalbum.net,4aQklrwuaN,image/tiff
Mame,Tibbles,Female,09/18/1952,,Texas,mtibblesl0@surveymonkey.com,foW5fx,image/png
Killy,Eglin,Male,08/24/1992,57110,South Dakota,keglinl1@google.com.au,vY9Vl8Bkt,image/tiff
Wyatt,Ridsdell,Male,01/01/1988,77250,Texas,wridsdelll2@sina.com.cn,jTDQIemz,image/jpeg
Sybille,Tomkinson,Female,11/16/1993,32859,Florida,stomkinsonl3@hexun.com,mFkn8728,image/tiff
Ashleigh,Hartington,Female,04/19/1970,58106,North Dakota,ahartingtonl4@hubpages.com,3Rx3TgZ,image/pjpeg
Brod,Izen,Male,03/31/1943,22309,Virginia,bizenl5@cornell.edu,TIoHYodY5KO,image/png
Beauregard,Stollsteiner,Male,03/31/1968,36641,Alabama,bstollsteinerl6@wordpress.com,OVD3VYtUiJW,image/x-tiff
Obediah,De Lorenzo,Male,07/06/1996,19125,Pennsylvania,odelorenzol7@gov.uk,8TkO2AED5OB,image/tiff
Kinny,Ilyushkin,Male,11/22/1950,43240,Ohio,kilyushkinl8@symantec.com,gIkrkMxRW,image/tiff
Dacy,Dovey,Female,08/30/1945,55108,Minnesota,ddoveyl9@reverbnation.com,GJm7IQLE,image/png
Zora,Marns,Female,02/18/2003,,Florida,zmarnsla@last.fm,thmWA0oI,image/tiff
Cale,Melland,Male,08/04/1972,,Louisiana,cmellandlb@themeforest.net,m9ahQrdO,image/jpeg
Lyndell,McFadin,Female,09/08/1982,75392,Texas,lmcfadinlc@digg.com,914pgpHCP8,image/jpeg
Alexandre,Hatherall,Male,01/28/1980,55108,Minnesota,ahatherallld@discuz.net,LLiRHcSXM,image/jpeg
Alastair,Moon,Male,07/03/1986,98127,Washington,amoonle@barnesandnoble.com,XlfYyQoL4,image/jpeg
Florri,Dominighi,Female,05/28/1979,38197,Tennessee,fdominighilf@rakuten.co.jp,KxEhhG,image/x-tiff
Ellene,Withers,Female,02/01/1958,98411,Washington,ewitherslg@cdc.gov,qF6UGWAOi,image/x-tiff
Dannie,Farenden,Male,04/17/1995,52405,Iowa,dfarendenlh@va.gov,HibmM8YeR,image/tiff
Simone,McAllan,Male,02/06/1983,76121,,smcallanli@arstechnica.com,xbvJQoF85,image/pjpeg
Jedidiah,McGeown,Male,10/22/1981,,Florida,jmcgeownlj@admin.ch,rW4wUFBA9R,image/jpeg
Winifred,Simonassi,Female,08/22/1997,52410,Iowa,wsimonassilk@wunderground.com,3RGrMxF,image/gif
Myrvyn,Shemelt,Male,01/30/1972,,Wisconsin,mshemeltll@ow.ly,YALSnwMUBe5,image/x-tiff
Tobit,Bouldstridge,Male,10/04/1966,87180,New Mexico,tbouldstridgelm@dedecms.com,iUHzLhZeF9,image/x-tiff
Erhard,Grattan,Male,08/28/1955,15220,Pennsylvania,egrattanln@hatena.ne.jp,z4JAGaIAR,image/png
Carena,Giraudou,Female,01/26/1958,,Oklahoma,cgiraudoulo@dot.gov,B4cBzmO,image/pjpeg
Reade,Roussel,Male,09/09/1994,46406,Indiana,rroussellp@twitpic.com,JCY65eNjI,
Koo,Ovill,Female,12/18/1982,75074,Texas,kovilllq@t.co,yIaZ0d07,image/png
Sheppard,Loton,Male,08/07/2000,07188,New Jersey,slotonlr@independent.co.uk,ShHU1Q1w,
Gram,Lidgerton,Male,08/06/1994,36114,Alabama,glidgertonls@opensource.org,mDdtOAdb8KLO,image/x-tiff
Dulcine,Davenell,Female,12/05/1997,32969,Florida,ddavenelllt@europa.eu,IhIu4dmoBPkL,image/x-tiff
Aryn,Busen,Female,12/29/1989,68517,Nebraska,abusenlu@upenn.edu,4ydwrjqV,
Saree,Baert,Female,01/05/1978,,Kentucky,sbaertlv@unblog.fr,kvZl2A8i,image/pjpeg
Berri,Guile,Female,12/22/1970,77030,Texas,bguilelw@51.la,MQFLOCJZ7,
Ivory,Randal,Female,01/21/1982,34282,Florida,irandallx@wordpress.org,HKj2yJv,image/pjpeg
Immanuel,Spilisy,Male,07/22/1941,55127,Minnesota,ispilisyly@oaic.gov.au,YBzg5Q,image/pjpeg
Jammal,Gimert,Male,10/13/2003,22234,Virginia,jgimertlz@photobucket.com,m2AdtF8,
Ulrich,Nortcliffe,Male,02/23/1960,97240,Oregon,unortcliffem0@ucoz.ru,CEphuYoe,image/x-tiff
Urbano,Pitney,Male,11/13/1986,43610,Ohio,upitneym1@home.pl,fmQp0lD,image/png
Stanislaus,Mustill,Male,11/28/1978,60624,Illinois,smustillm2@bandcamp.com,ZYuuNYZyQ,image/png
Raymond,Jerzak,Male,03/02/1945,79955,Texas,rjerzakm3@amazon.de,3kmufU5If,image/png
Abram,Salzburger,Male,03/14/1943,43615,Ohio,asalzburgerm4@xrea.com,7zxtiWjNSFNf,image/jpeg
Carine,Pawnsford,Female,07/10/1976,46805,Indiana,cpawnsfordm5@taobao.com,E6KFNaPSizDM,image/pjpeg
Shawnee,Hick,Female,06/20/1961,29240,South Carolina,shickm6@patch.com,8bx4CJO4k0M6,image/gif
Jeannette,Baumber,Female,01/17/1961,,Arizona,jbaumberm7@umich.edu,tsz9of6llsMZ,image/x-tiff
Glad,Sawdon,Female,02/29/1968,55115,Minnesota,gsawdonm8@meetup.com,yyBd1sgHLp,
Keane,Lejeune,Male,11/12/1963,73173,Oklahoma,klejeunem9@earthlink.net,Lz23HacFSxB,image/tiff
Helge,O'Connor,Female,02/25/1964,10175,New York,hoconnorma@unc.edu,GfHLMFnvG,image/tiff
Larry,Muzzullo,Male,08/14/1974,78220,Texas,lmuzzullomb@mediafire.com,Hor7vOSud,image/pjpeg
Galen,Bransdon,Male,04/20/1975,76096,Texas,gbransdonmc@yellowbook.com,A9UMEb,image/x-tiff
Yard,Dennington,Male,12/30/1976,,California,ydenningtonmd@jigsy.com,Lpe5AHfVnd,image/x-tiff
Albertine,Alenikov,Female,07/17/1987,75251,Texas,aalenikovme@clickbank.net,TqwXQjzFG,image/tiff
Joshua,Caiger,Male,12/31/2002,92867,California,jcaigermf@sphinn.com,sBJbFiMG6ouO,image/pjpeg
Jessica,McAlester,Female,10/27/1979,,Georgia,jmcalestermg@cocolog-nifty.com,wSE1xXn,
Nellie,Kemmer,Female,11/26/1947,,Georgia,nkemmermh@fema.gov,RdVV6MQneeoZ,
Isabelle,Spendley,Female,08/04/1990,48232,Michigan,ispendleymi@pbs.org,HNRjiKYob,image/png
Suellen,Brouard,Female,07/04/1952,30392,Georgia,sbrouardmj@goo.ne.jp,z6UentzziBg,image/png
Carlynn,Pigeram,Female,11/05/1981,40266,Kentucky,cpigerammk@go.com,hmiG7sjMLP5,image/png
Row,O' Clovan,Female,08/02/1976,20525,District of Columbia,roclovanml@samsung.com,xfsgbSUR8Miw,image/tiff
Merrick,Tolman,Male,08/11/2003,98185,Washington,mtolmanmm@usatoday.com,XHJ7pOYtEPN,image/pjpeg
Shep,Marson,Male,11/20/1945,90025,California,smarsonmn@gravatar.com,W3rAuw7rG,image/pjpeg
Elva,Brettoner,Female,05/14/1973,,District of Columbia,ebrettonermo@dyndns.org,ZKXXdD0dTEg,image/gif
Angeli,Kuhlmey,Male,09/05/1947,84145,Utah,akuhlmeymp@pen.io,8p9uXuRu,image/x-tiff
Estele,Belliard,Female,08/04/1974,20036,District of Columbia,ebelliardmq@cam.ac.uk,Px05P7TBC,
Taddeusz,Roseblade,Male,10/08/1997,30130,Georgia,troseblademr@msn.com,v2V9Tq,
Antin,Minette,Male,01/10/1991,20244,District of Columbia,aminettems@sun.com,nDcsHxIr5,image/x-tiff
Maury,Worthing,Male,02/02/1985,27710,North Carolina,mworthingmt@bigcartel.com,hGXFBRrfm,image/tiff
Kit,Eastup,Male,12/05/1985,13224,New York,keastupmu@msn.com,I6LJB7,
Peggi,Nolder,Female,03/08/1962,77223,Texas,pnoldermv@amazonaws.com,7CaXVuNK,image/x-tiff
Jan,Matteotti,Female,09/06/1994,33777,Florida,jmatteottimw@businessinsider.com,OCu56a,image/gif
Rubi,Glyssanne,Female,05/17/1985,66611,Kansas,rglyssannemx@patch.com,OqQimbMMw,image/x-tiff
Mal,Adds,Male,11/06/1989,48335,Michigan,maddsmy@desdev.cn,l7XxAVg9,image/x-tiff
Antoinette,Cattow,Female,02/16/1992,,West Virginia,acattowmz@topsy.com,VreGpo20LtDa,image/gif
Bar,Loftie,Male,11/16/1995,44760,Ohio,bloftien0@ebay.co.uk,9opYTKuxTRWw,image/tiff
Ingaborg,Fulstow,Female,07/14/1940,,Texas,ifulstown1@adobe.com,Ya5V8iM,image/gif
Karlie,Lapwood,Female,07/03/1963,,California,klapwoodn2@yolasite.com,pMX00Vrw,image/jpeg
Nyssa,Vlahos,Female,08/10/1940,55417,Minnesota,nvlahosn3@ezinearticles.com,Ale4F00brAA,
Jerald,Scahill,Male,06/10/1966,38181,Tennessee,jscahilln4@jugem.jp,J4nEeQYlQ,
Berti,Chastelain,Male,02/18/1962,37450,Tennessee,bchastelainn5@cornell.edu,8u9vxdYLeo,image/png
Cristie,Hamshar,Female,01/01/1959,44505,Ohio,chamsharn6@kickstarter.com,GCWrr3a,image/gif
Brittani,Jewes,Female,07/07/1962,,Minnesota,bjewesn7@example.com,h0l4GZ,
Joellyn,Wilcinskis,Female,10/26/1943,51105,Iowa,jwilcinskisn8@eepurl.com,ClWMhHeoTW5,image/x-tiff
Bar,Boich,Male,11/03/1991,,Colorado,bboichn9@blogs.com,yfeINh,image/pjpeg
Gretchen,Hawthorne,Female,11/27/1993,32909,Florida,ghawthornena@free.fr,qsx2BG,
Yvor,Leggett,Male,11/28/1947,91103,California,yleggettnb@sun.com,0Xy2xcC6EFw,
Bess,Lobley,Female,04/26/1978,80150,Colorado,blobleync@noaa.gov,cFsTgNqP,image/pjpeg
Avigdor,Coneau,Male,08/03/1981,06533,Connecticut,aconeaund@ucla.edu,wdLSzj,image/x-tiff
Idell,Ashfield,Female,09/15/1968,27105,North Carolina,iashfieldne@drupal.org,iBCg6AJ,image/tiff
Willi,Pawden,Male,01/18/1947,32304,Florida,wpawdennf@fda.gov,PTOtpPMe,image/x-tiff
Leontine,Beament,Female,08/14/1990,11210,,lbeamentng@exblog.jp,VZBKKMtB2T,image/tiff
Bond,Soro,Male,07/02/1981,95155,California,bsoronh@fema.gov,o3qWBGv,image/png
Iona,Tames,Female,10/29/1947,20508,District of Columbia,itamesni@cdbaby.com,Jl7n6YM93,image/x-tiff
Alfons,Dalby,Male,01/12/1957,95194,California,adalbynj@icq.com,wK4eOS,image/x-tiff
Matthew,Wickwarth,Male,12/09/1959,,New York,mwickwarthnk@github.com,SZcgC2fWndAI,image/tiff
Valle,Badman,Male,11/21/1986,07208,New Jersey,vbadmannl@jimdo.com,x6OIdwvJnqml,image/tiff
Jamison,Housiaux,Male,08/20/1988,75392,Texas,jhousiauxnm@bloglovin.com,tXn7VPu,image/tiff
Lesley,Melrose,Male,04/20/1970,85005,Arizona,lmelrosenn@hatena.ne.jp,BlU2xj9I,
Claude,Helian,Female,10/21/1987,32969,Florida,chelianno@fema.gov,fESzq5Cx0YRI,image/x-tiff
Ellis,Probate,Male,04/15/2001,79989,Texas,eprobatenp@chron.com,7El5C5iO,image/jpeg
Consuelo,Le Provest,Female,08/06/1972,,Georgia,cleprovestnq@altervista.org,P3toQENp8SE,image/png
Jennie,Attwell,Female,12/20/1967,78737,Texas,jattwellnr@canalblog.com,k0bZDJhHVpp,image/png
Herb,Shepley,Male,05/07/2004,29505,South Carolina,hshepleyns@indiatimes.com,rh5alR,image/gif
Gilberto,Perren,Male,11/24/1998,37410,Tennessee,gperrennt@odnoklassniki.ru,i7sBSK,image/pjpeg
Barbra,Lyst,Female,01/13/1982,,Tennessee,blystnu@unicef.org,E0FosAJ1BgcL,image/tiff
Felicia,Knapper,Female,11/04/1947,52804,Iowa,fknappernv@issuu.com,PSPgsnfK,image/pjpeg
Joceline,Staneland,Female,11/03/1989,35205,,jstanelandnw@twitpic.com,PmRbUyh0EC,image/tiff
Natalie,Acott,Female,09/09/1951,37205,,nacottnx@google.de,NBh2lH,image/pjpeg
Rikki,Aloshechkin,Male,09/26/1991,85754,,raloshechkinny@people.com.cn,FoG3Fc2Mb6,
Clark,O'Neal,Male,08/05/1991,,Nevada,conealnz@umn.edu,kdwzjquC,image/png
Dyan,Hearons,Female,07/15/1999,66629,Kansas,dhearonso0@unicef.org,lBY3dyfFn,image/pjpeg
Ernie,Starsmeare,Male,12/16/1961,21747,Maryland,estarsmeareo1@joomla.org,RhXrK19,image/tiff
Neils,Cuffley,Male,04/18/1974,97286,Oregon,ncuffleyo2@cdbaby.com,f9fp0RH69,image/x-tiff
Iris,Frandsen,Female,11/29/1976,33994,Florida,ifrandseno3@feedburner.com,ddZTx3VhZzLA,image/x-tiff
Taddeusz,Mantripp,Male,06/10/1999,23663,Virginia,tmantrippo4@instagram.com,opkb96k2lCM,image/tiff
Huntley,Ratchford,Male,04/22/1956,77293,Texas,hratchfordo5@yale.edu,F39jzpx6,image/x-tiff
Lorna,O'Flaverty,Female,03/25/2003,,,loflavertyo6@histats.com,NQC0nMH0s,image/png
Sabra,Schulze,Female,12/10/1977,,Texas,sschulzeo7@yale.edu,enzBWX2k,image/tiff
Charlot,Hryskiewicz,Female,07/05/1998,,Missouri,chryskiewiczo8@over-blog.com,ZUMH8S,image/tiff
Granger,Pooley,Male,11/15/1953,44310,Ohio,gpooleyo9@disqus.com,Jz7w5mmBc,image/tiff
Thedric,Riddeough,Male,12/05/1986,12262,New York,triddeoughoa@liveinternet.ru,3YLxIjmXd3ZX,image/gif
Niel,Stepney,Male,10/06/1996,,Florida,nstepneyob@github.io,3Z9ladg3Zy9P,
Hogan,Fierman,Male,03/12/1967,11499,,hfiermanoc@berkeley.edu,ZnwEsQ3,
Florida,Birkett,Female,10/13/1977,78470,Texas,fbirkettod@flavors.me,8eiPLN,image/tiff
Theresina,Porter,Female,09/24/1940,79905,Texas,tporteroe@latimes.com,2DBif2ccV,image/x-tiff
Phil,Curee,Female,10/18/1990,79710,Texas,pcureeof@usatoday.com,li57ZMv2,image/jpeg
Nada,Goter,Female,10/27/1987,34665,Florida,ngoterog@wp.com,PPyS5b,image/jpeg
Tamra,Dorrance,Female,05/08/1969,83757,Idaho,tdorranceoh@go.com,fTrWROWlHMI,
Tomasina,Lansbury,Female,01/03/1972,95173,California,tlansburyoi@berkeley.edu,LLXKkVlMGJ,image/jpeg
Georgie,Margrie,Female,04/21/1998,40546,,gmargrieoj@feedburner.com,aAB8G0KotY,
Zondra,Sparke,Female,11/25/1961,33913,Florida,zsparkeok@unesco.org,1SGjC1m,image/jpeg
Sean,Antoinet,Female,02/29/1968,78415,Texas,santoinetol@mapy.cz,LEhzGtp,
Corrie,Sergeant,Male,12/16/1989,19886,Delaware,csergeantom@apple.com,CL7yREz,image/tiff
Ebenezer,Goulborne,Male,01/01/1957,27610,North Carolina,egoulborneon@sbwire.com,enQem0slb,
L;urette,Dwire,Female,09/21/1974,20525,District of Columbia,ldwireoo@sciencedaily.com,VPT6CRCURV7,image/pjpeg
Beverly,Webland,Female,06/13/1956,19714,Delaware,bweblandop@chronoengine.com,wEOgUmiZUm,image/png
Dunn,Boundy,Male,11/17/1978,78405,Texas,dboundyoq@behance.net,y4UchzvL,image/jpeg
Candida,Beckensall,Female,08/26/2003,71213,,cbeckensallor@homestead.com,pSDw9auviSX,image/png
Justina,Churching,Female,04/07/1941,,Texas,jchurchingos@umn.edu,GwxmdNiL9vN,
Phillis,McCrisken,Female,08/08/1955,76198,Texas,pmccriskenot@oakley.com,LLQ5Yhfuc,image/png
Rena,Matschek,Female,06/26/1987,95123,California,rmatschekou@imageshack.us,5KY12AyZo,image/tiff
Casper,Bockmann,Male,11/05/1986,90610,California,cbockmannov@opensource.org,mGTYNpTS3,image/jpeg
Yankee,Acum,Male,08/26/1955,87201,New Mexico,yacumow@ed.gov,1oxMbZAd,
Bethanne,Halley,Female,06/03/1959,46814,Indiana,bhalleyox@boston.com,fZgmIxKAe,image/tiff
Fern,Fernandez,Female,09/24/1974,35220,Alabama,ffernandezoy@sphinn.com,PX59h5wD1F2,image/jpeg
Tannie,Tattersdill,Male,12/30/1966,75241,Texas,ttattersdilloz@rambler.ru,RwWq47UQavmY,image/gif
Clarice,Penner,Female,10/18/1973,33124,Florida,cpennerp0@harvard.edu,y0TIcb6U,image/pjpeg
Araldo,Biagini,Male,11/27/1978,15286,Pennsylvania,abiaginip1@goo.ne.jp,zC8z3aPbvN,image/x-tiff
Glennie,Cotesford,Female,10/12/1982,89505,Nevada,gcotesfordp2@mozilla.com,1CnS6J9,image/gif
Carena,Hunton,Female,03/25/1965,57110,South Dakota,chuntonp3@indiatimes.com,j2jcCI,image/png
Rikki,Pietersen,Male,09/23/1940,85030,Arizona,rpietersenp4@chron.com,8LG8M32wwx1k,image/pjpeg
Andra,Antao,Female,05/28/1981,32825,Florida,aantaop5@amazon.co.uk,NkAMCaYc0omF,image/tiff
Audrie,Rayhill,Female,09/13/1943,79955,Texas,arayhillp6@springer.com,8eg61zM,
Gordan,Hrihorovich,Male,11/18/1964,45470,Ohio,ghrihorovichp7@paypal.com,zsGlljcxS,image/tiff
Terrie,Pinder,Female,01/25/1945,24024,Virginia,tpinderp8@moonfruit.com,l21vzHK7C,image/x-tiff
Lawry,Zuanelli,Male,07/17/2002,,Tennessee,lzuanellip9@cbsnews.com,yuHmR9NeB,image/png
Codi,McNickle,Female,11/22/1980,65110,Missouri,cmcnicklepa@oakley.com,sMIEEPzjD,image/gif
Zea,Clausius,Female,06/25/1943,20238,District of Columbia,zclausiuspb@un.org,ZlKHTo0iQw2,image/jpeg
Steve,Snazle,Male,11/26/1995,73157,,ssnazlepc@usatoday.com,dLMe3lR4,image/tiff
Ronny,Di Domenico,Female,10/02/1960,85015,,rdidomenicopd@usatoday.com,611eDc,image/png
Lia,Van der Kruis,Female,11/13/1945,74108,Oklahoma,lvanderkruispe@over-blog.com,w1yyN9Y77,image/pjpeg
Maurene,Clementi,Female,10/08/2004,85083,Arizona,mclementipf@ycombinator.com,5UQ0r8X,image/png
Timothea,Morit,Female,04/11/1966,33686,Florida,tmoritpg@google.co.jp,ChsJJn4Pt,image/jpeg
Minda,Stothard,Female,05/14/1996,20904,Maryland,mstothardph@chronoengine.com,Xl6sn3k,image/gif
Konstance,Mathison,Female,03/29/1956,89193,Nevada,kmathisonpi@cam.ac.uk,6SWxPfiVaih,image/gif
Barbette,Stubbe,Female,11/27/1953,10305,,bstubbepj@blinklist.com,3tNJfs,image/png
Cherilyn,Symes,Female,06/06/1986,76205,Texas,csymespk@livejournal.com,2buNBG90Vxjq,image/pjpeg
Rodina,Zuanazzi,Female,11/12/1970,78210,Texas,rzuanazzipl@zdnet.com,rroQjvSwqqI,image/x-tiff
Judy,Marie,Female,09/17/1993,35487,,jmariepm@odnoklassniki.ru,raoxHs,image/gif
Bil,Farleigh,Male,05/05/1977,77266,Texas,bfarleighpn@reverbnation.com,CaewPt9WGK,
Ambur,Sebastian,Female,08/23/1998,,Maryland,asebastianpo@surveymonkey.com,yLY44ATrzhRY,image/pjpeg
Annabelle,Janaud,Female,01/20/1990,32627,Florida,ajanaudpp@webeden.co.uk,oA13efxsY,
Nikki,Gheorghescu,Female,10/28/1984,11225,,ngheorghescupq@ask.com,PmoJy11MmWt,
Delmar,Longworth,Male,03/13/1977,33884,Florida,dlongworthpr@ucoz.com,d1qcCRmg3,
Eugene,Robbie,Male,03/24/2001,94177,California,erobbieps@miitbeian.gov.cn,A1VkXUFk8Y,image/gif
Val,Whatling,Male,09/23/1973,,New Mexico,vwhatlingpt@nhs.uk,i1pIDRYd9jfG,image/gif
Karol,Marzele,Female,07/25/1999,,Kansas,kmarzelepu@china.com.cn,fhAr20vih08,
Jim,Kanzler,Male,03/18/1980,92137,California,jkanzlerpv@multiply.com,6Jaqj2,image/x-tiff
Lizette,Gaywood,Female,11/16/1990,46862,Indiana,lgaywoodpw@miibeian.gov.cn,TtMG8fLMl,image/png
Hillary,Quaintance,Female,01/05/1979,,California,hquaintancepx@hhs.gov,MjIWUALPrP,
Nickie,Marsham,Female,06/13/1980,53790,Wisconsin,nmarshampy@php.net,IxgEQnKgv60i,
Estel,Friskey,Female,05/27/1941,48232,Michigan,efriskeypz@nyu.edu,KVo2Q48fO,image/x-tiff
Rikki,Petersen,Female,11/06/1947,60624,Illinois,rpetersenq0@pinterest.com,0a6UfKNL8X3,
Ellie,Farans,Female,07/07/1966,32969,Florida,efaransq1@sbwire.com,yeMhDbRLzmVM,image/tiff
Brooks,Cornfield,Female,08/17/1959,77505,Texas,bcornfieldq2@unesco.org,KKYeXtkPkv,image/pjpeg
Deck,Cattini,Male,10/24/1968,58122,North Dakota,dcattiniq3@cnn.com,9C0hHcy1U,
Agnella,Llewelly,Female,12/10/1953,64504,Missouri,allewellyq4@prlog.org,tvizNFYG,image/jpeg
Shannan,Mayze,Male,08/22/1985,55114,Minnesota,smayzeq5@cdc.gov,rVNxkJGvH,image/pjpeg
Olivia,Peckham,Female,11/23/1944,,Kansas,opeckhamq6@dailymail.co.uk,3WSGxFvTI,image/png
Onofredo,Whytock,Male,06/08/1961,55480,Minnesota,owhytockq7@ftc.gov,1KCo4v8O,image/gif
Abdul,Barford,Male,05/10/1943,24029,Virginia,abarfordq8@multiply.com,6dsw7tKb,image/x-tiff
Atalanta,Mewes,Female,10/12/1959,11205,New York,amewesq9@over-blog.com,O8jQT2,
Sibylle,Brims,Female,12/20/1953,90087,California,sbrimsqa@harvard.edu,YIMKzUua6a,image/x-tiff
Pietro,Jerdan,Male,05/25/1970,23260,Virginia,pjerdanqb@comsenz.com,8Fv8f8QzTO,image/x-tiff
Gerhardt,Walne,Male,03/06/1969,37131,Tennessee,gwalneqc@nhs.uk,K5a1rnfA0uT,
Sydney,Medlicott,Female,07/18/1985,39204,Mississippi,smedlicottqd@hugedomains.com,p38CEe,
Randie,Olrenshaw,Male,08/15/1999,11388,New York,rolrenshawqe@goo.gl,p5rRjgC,image/jpeg
Alleyn,Laflin,Male,06/25/1982,79999,Texas,alaflinqf@scribd.com,0b01iH7Qz4PX,image/gif
Deva,Tacker,Female,06/09/1977,,Alabama,dtackerqg@irs.gov,Q64ZUUwukheR,image/png
Maribelle,Skillanders,Female,03/31/2004,83732,Idaho,mskillandersqh@youtu.be,XBjJMJ0ct6k,image/x-tiff
Charyl,Fonso,Female,01/18/1993,32236,Florida,cfonsoqi@nature.com,adz9n4YmJ,image/png
Kinny,Rymmer,Male,05/30/1997,06183,,krymmerqj@w3.org,eNx7KsxHL6V,image/png
Ellen,Yearns,Female,09/13/1974,23260,Virginia,eyearnsqk@photobucket.com,Uz9sABgq3EkU,image/png
Karlen,Harrower,Female,04/16/1996,93762,California,kharrowerql@geocities.jp,ISz3oRk6MW,image/x-tiff
Willy,Sandwith,Male,10/07/1955,02453,Massachusetts,wsandwithqm@comsenz.com,63HkHCbduD,image/x-tiff
Brit,Hinstridge,Male,05/31/1979,34135,Florida,bhinstridgeqn@google.ru,4mqgc3OoHwGK,image/gif
Daisy,Cureton,Female,11/23/1983,74116,Oklahoma,dcuretonqo@wix.com,x9bzvxT,image/png
Hunt,Buckell,Male,08/29/1947,80951,Colorado,hbuckellqp@fastcompany.com,COcYhSW,image/png
Michaeline,McLean,Female,02/15/1984,22313,Virginia,mmcleanqq@chicagotribune.com,K944PXVgfS,
Griselda,Dedenham,Female,09/28/1965,99215,Washington,gdedenhamqr@lulu.com,4VhIuU,image/x-tiff
Garv,Dwelley,Male,05/05/1988,85099,Arizona,gdwelleyqs@unblog.fr,XvTeZo8Bi,image/pjpeg
Coletta,Hiscoe,Female,08/30/1987,76796,,chiscoeqt@weibo.com,OuAqk5KsET,image/jpeg
Alverta,Robert,Female,05/26/1948,30245,Georgia,arobertqu@seattletimes.com,9KCindu0mxmG,image/gif
Feodora,Whyatt,Female,02/27/1940,89166,Nevada,fwhyattqv@usnews.com,ck8XAJFtlZN,image/gif
Valenka,Coucha,Female,10/10/1962,45807,,vcouchaqw@earthlink.net,lJbhIDZc1E,
Dominick,Laherty,Male,05/14/1991,,Pennsylvania,dlahertyqx@networksolutions.com,1WJXNcrH8l,
Konrad,Viccars,Male,04/28/1957,77223,Texas,kviccarsqy@hexun.com,CTEO8Gx7,
Midge,Mangenot,Female,10/20/1942,92170,California,mmangenotqz@msn.com,aTvM27pVkvI7,
Siward,Camacke,Male,07/01/1940,14604,New York,scamacker0@gravatar.com,AWSW9ukSQk,image/tiff
Marquita,Julian,Female,11/25/1943,33283,Florida,mjulianr1@engadget.com,zGns8HpsZHP,image/x-tiff
Lonnie,Hobbert,Male,10/26/1960,95354,California,lhobbertr2@so-net.ne.jp,yGIIqX4juI,
Karoline,Llewhellin,Female,11/24/1940,75260,Texas,kllewhellinr3@sakura.ne.jp,TFzXMIY,image/tiff
Zacherie,Pocke,Male,02/23/1998,44905,Ohio,zpocker4@mtv.com,k7Jy6fYqB,image/gif
Elvin,Willmer,Male,03/18/1991,48217,Michigan,ewillmerr5@admin.ch,wxkJYrje0X,image/png
Farrel,MacCaughey,Male,03/09/1958,17405,Pennsylvania,fmaccaugheyr6@apple.com,6MxAfsyFM,
Camellia,Ovanesian,Female,01/24/1971,,Florida,covanesianr7@prlog.org,EZ4IvmyUC,image/pjpeg
Jereme,L'Hommeau,Male,03/30/1967,96820,Hawaii,jlhommeaur8@nytimes.com,QRpbG2ddCb,
Alyss,Emblin,Female,11/09/2004,34615,Florida,aemblinr9@acquirethisname.com,CknM7gMmj,
Pippy,Berling,Female,07/10/1941,31217,Georgia,pberlingra@addtoany.com,ocrvZFrt90K,image/gif
Forster,Morling,Male,03/10/1944,28235,North Carolina,fmorlingrb@g.co,WUQPYQ8HfX,
Lazaro,Spreull,Male,10/15/1961,17140,Pennsylvania,lspreullrc@cafepress.com,f9aqiA1V,image/pjpeg
Beatrice,Wedge,Female,01/11/1969,31210,Georgia,bwedgerd@merriam-webster.com,ywmBpY,image/gif
Anna,MacArd,Female,08/04/1972,46231,Indiana,amacardre@pagesperso-orange.fr,YfaphLD7NxM8,image/tiff
Rogerio,Lyburn,Male,06/11/1989,20226,District of Columbia,rlyburnrf@usnews.com,nfiU4TQZ,image/gif
Janek,Oley,Male,11/10/1995,,California,joleyrg@dailymotion.com,9H04tLMsdsHp,image/x-tiff
Mil,Otterwell,Female,02/06/1951,33913,Florida,motterwellrh@miitbeian.gov.cn,fywTwA2pbm,
Josselyn,Baldwin,Female,07/05/1961,10170,New York,jbaldwinri@jalbum.net,ObIF1zw,image/gif
Chrisse,Thorne,Male,09/02/1989,68110,Nebraska,cthornerj@unc.edu,QTqyYV2T2Yy4,
Henry,Bass,Male,08/06/1946,31210,Georgia,hbassrk@miitbeian.gov.cn,M79xknQcZ,image/png
Gabriell,Garrish,Female,02/02/1949,75251,Texas,ggarrishrl@tamu.edu,Ti7ywF08,image/jpeg
Bobbye,Karran,Female,01/09/1981,32277,Florida,bkarranrm@seattletimes.com,CMyjQrNc1Dv,image/pjpeg
Cletus,McGaffey,Male,06/06/1961,70593,Louisiana,cmcgaffeyrn@gov.uk,6N49FxfwttV9,image/png
Chane,Bowers,Male,03/21/1958,33405,Florida,cbowersro@jigsy.com,RU4HdXAANU,image/png
Binnie,Askwith,Female,09/17/1956,32885,Florida,baskwithrp@marketwatch.com,Jx8xS47q,image/gif
Barde,Kenryd,Male,08/17/1993,20910,Maryland,bkenrydrq@xinhuanet.com,2ExsvVqVW,image/pjpeg
Pavia,Fawdrey,Female,06/06/1976,57110,South Dakota,pfawdreyrr@princeton.edu,VR7G5kTr3pGr,image/png
